Dumping data from local database...
SET session_replication_role = replica;

--
-- PostgreSQL database dump
--

-- \restrict eBmYzivmfIrOZlerzMJi6bXf1NYiyxZqs6rVWuylt5IOLl31t4i8bB8qc4kUtW7

-- Dumped from database version 17.6
-- Dumped by pg_dump version 17.6

SET statement_timeout = 0;
SET lock_timeout = 0;
SET idle_in_transaction_session_timeout = 0;
SET transaction_timeout = 0;
SET client_encoding = 'UTF8';
SET standard_conforming_strings = on;
SELECT pg_catalog.set_config('search_path', '', false);
SET check_function_bodies = false;
SET xmloption = content;
SET client_min_messages = warning;
SET row_security = off;

--
-- Data for Name: audit_log_entries; Type: TABLE DATA; Schema: auth; Owner: supabase_auth_admin
--

INSERT INTO "auth"."audit_log_entries" ("instance_id", "id", "payload", "created_at", "ip_address") VALUES
	('00000000-0000-0000-0000-000000000000', '662c77b8-6f22-451c-a9ce-5ca419a3daca', '{"action":"user_signedup","actor_id":"00000000-0000-0000-0000-000000000000","actor_username":"service_role","actor_via_sso":false,"log_type":"team","traits":{"provider":"email","user_email":"enriqueperezbcn1973+test1@gmail.com","user_id":"c5e3fa9b-462e-4bc6-80ab-9ff15f51923c","user_phone":""}}', '2026-03-26 12:23:13.783963+00', ''),
	('00000000-0000-0000-0000-000000000000', '7251d8ad-10dd-4fce-833e-3b8485e5b169', '{"action":"user_signedup","actor_id":"00000000-0000-0000-0000-000000000000","actor_username":"service_role","actor_via_sso":false,"log_type":"team","traits":{"provider":"email","user_email":"enriqueperezbcn1973+test2@gmail.com","user_id":"edb856de-4dca-443d-b242-8967ff93f462","user_phone":""}}', '2026-03-26 12:23:13.870896+00', ''),
	('00000000-0000-0000-0000-000000000000', 'ecc898b9-9e47-4958-86eb-a91065024d27', '{"action":"user_signedup","actor_id":"00000000-0000-0000-0000-000000000000","actor_username":"service_role","actor_via_sso":false,"log_type":"team","traits":{"provider":"email","user_email":"enriqueperezbcn1973+test3@gmail.com","user_id":"7fd04ee0-5a5e-42fe-bfd9-f45fcf8b5565","user_phone":""}}', '2026-03-26 12:23:13.953154+00', ''),
	('00000000-0000-0000-0000-000000000000', 'abf88a4f-67b3-422f-815e-130a4abbe7bc', '{"action":"user_signedup","actor_id":"00000000-0000-0000-0000-000000000000","actor_username":"service_role","actor_via_sso":false,"log_type":"team","traits":{"provider":"email","user_email":"enriqueperezbcn1973+test4@gmail.com","user_id":"cec33f52-f055-4c68-9830-b83d74aa9e16","user_phone":""}}', '2026-03-26 12:23:14.035951+00', ''),
	('00000000-0000-0000-0000-000000000000', '65e1ed67-bf5c-4df7-8fe2-66f6fd46d8e1', '{"action":"user_signedup","actor_id":"00000000-0000-0000-0000-000000000000","actor_username":"service_role","actor_via_sso":false,"log_type":"team","traits":{"provider":"email","user_email":"enriqueperezbcn1973+test5@gmail.com","user_id":"003fda66-c138-4a2b-be18-52fa49ae98d4","user_phone":""}}', '2026-03-26 12:23:14.118508+00', ''),
	('00000000-0000-0000-0000-000000000000', '78f11025-ffe4-4417-9364-c3253083642c', '{"action":"login","actor_id":"360aab57-f618-481a-bdca-ca63f5a7c16e","actor_name":"Enrique Perez","actor_username":"enriquepeto@yahoo.es","actor_via_sso":false,"log_type":"account","traits":{"provider":"email"}}', '2026-03-26 13:18:25.902324+00', ''),
	('00000000-0000-0000-0000-000000000000', '1af6b0ed-2d6a-44d5-9ffd-6f92d4183757', '{"action":"user_signedup","actor_id":"7f277d60-b640-4e49-b9b4-caa1970aea04","actor_username":"admin2@brickshare.com","actor_via_sso":false,"log_type":"team","traits":{"provider":"email"}}', '2026-03-26 13:20:06.449889+00', ''),
	('00000000-0000-0000-0000-000000000000', 'd17f667a-70b1-4a4f-8e97-816b7f6c270a', '{"action":"login","actor_id":"7f277d60-b640-4e49-b9b4-caa1970aea04","actor_username":"admin2@brickshare.com","actor_via_sso":false,"log_type":"account","traits":{"provider":"email"}}', '2026-03-26 13:20:06.456333+00', ''),
	('00000000-0000-0000-0000-000000000000', '1d7d8a7f-d310-4060-a507-2f299c1ec5d8', '{"action":"token_refreshed","actor_id":"360aab57-f618-481a-bdca-ca63f5a7c16e","actor_name":"Enrique Perez","actor_username":"enriquepeto@yahoo.es","actor_via_sso":false,"log_type":"token"}', '2026-03-26 14:16:33.100048+00', ''),
	('00000000-0000-0000-0000-000000000000', '7fcf053d-38f1-4a22-ae1b-bfb144c42050', '{"action":"token_revoked","actor_id":"360aab57-f618-481a-bdca-ca63f5a7c16e","actor_name":"Enrique Perez","actor_username":"enriquepeto@yahoo.es","actor_via_sso":false,"log_type":"token"}', '2026-03-26 14:16:33.100782+00', ''),
	('00000000-0000-0000-0000-000000000000', '169014a1-1546-46cf-b5cd-cb3d1dd085b8', '{"action":"token_refreshed","actor_id":"7f277d60-b640-4e49-b9b4-caa1970aea04","actor_username":"admin2@brickshare.com","actor_via_sso":false,"log_type":"token"}', '2026-03-26 14:19:44.248137+00', ''),
	('00000000-0000-0000-0000-000000000000', '7c9d8a68-c88e-4f82-a4b7-08b27ada7019', '{"action":"token_revoked","actor_id":"7f277d60-b640-4e49-b9b4-caa1970aea04","actor_username":"admin2@brickshare.com","actor_via_sso":false,"log_type":"token"}', '2026-03-26 14:19:44.24868+00', ''),
	('00000000-0000-0000-0000-000000000000', '61262e37-4e0f-4dad-83e7-6ef1a191a40b', '{"action":"token_refreshed","actor_id":"360aab57-f618-481a-bdca-ca63f5a7c16e","actor_name":"Enrique Perez","actor_username":"enriquepeto@yahoo.es","actor_via_sso":false,"log_type":"token"}', '2026-03-26 15:14:48.093696+00', ''),
	('00000000-0000-0000-0000-000000000000', '731a2c58-1a82-4850-9b2d-ab36f12b5f27', '{"action":"token_revoked","actor_id":"360aab57-f618-481a-bdca-ca63f5a7c16e","actor_name":"Enrique Perez","actor_username":"enriquepeto@yahoo.es","actor_via_sso":false,"log_type":"token"}', '2026-03-26 15:14:48.094196+00', ''),
	('00000000-0000-0000-0000-000000000000', '388ed5f9-7356-472f-9985-ac4f6d3d83d3', '{"action":"token_refreshed","actor_id":"7f277d60-b640-4e49-b9b4-caa1970aea04","actor_username":"admin2@brickshare.com","actor_via_sso":false,"log_type":"token"}', '2026-03-26 15:20:40.271059+00', ''),
	('00000000-0000-0000-0000-000000000000', 'bf6b50df-a4e3-4f32-a513-df4b73cba4f7', '{"action":"token_revoked","actor_id":"7f277d60-b640-4e49-b9b4-caa1970aea04","actor_username":"admin2@brickshare.com","actor_via_sso":false,"log_type":"token"}', '2026-03-26 15:20:40.271605+00', ''),
	('00000000-0000-0000-0000-000000000000', '2364e168-0088-49d1-8e00-779a85614f3f', '{"action":"token_refreshed","actor_id":"360aab57-f618-481a-bdca-ca63f5a7c16e","actor_name":"Enrique Perez","actor_username":"enriquepeto@yahoo.es","actor_via_sso":false,"log_type":"token"}', '2026-03-26 16:12:55.114232+00', ''),
	('00000000-0000-0000-0000-000000000000', 'b4fc58b7-624c-47a8-b012-87c62214251c', '{"action":"token_revoked","actor_id":"360aab57-f618-481a-bdca-ca63f5a7c16e","actor_name":"Enrique Perez","actor_username":"enriquepeto@yahoo.es","actor_via_sso":false,"log_type":"token"}', '2026-03-26 16:12:55.114902+00', ''),
	('00000000-0000-0000-0000-000000000000', '1838bdad-51ac-485f-99aa-280bdaca441e', '{"action":"token_refreshed","actor_id":"7f277d60-b640-4e49-b9b4-caa1970aea04","actor_username":"admin2@brickshare.com","actor_via_sso":false,"log_type":"token"}', '2026-03-26 16:20:44.260361+00', ''),
	('00000000-0000-0000-0000-000000000000', '6e0f3ef9-0097-4c1f-b614-9a6940e88917', '{"action":"token_revoked","actor_id":"7f277d60-b640-4e49-b9b4-caa1970aea04","actor_username":"admin2@brickshare.com","actor_via_sso":false,"log_type":"token"}', '2026-03-26 16:20:44.260739+00', ''),
	('00000000-0000-0000-0000-000000000000', 'acfa2904-7b66-45e4-a898-3a55b7b9e73e', '{"action":"token_refreshed","actor_id":"360aab57-f618-481a-bdca-ca63f5a7c16e","actor_name":"Enrique Perez","actor_username":"enriquepeto@yahoo.es","actor_via_sso":false,"log_type":"token"}', '2026-03-26 17:11:11.103265+00', ''),
	('00000000-0000-0000-0000-000000000000', '02b566ca-67ce-4853-9147-8140d499941c', '{"action":"token_revoked","actor_id":"360aab57-f618-481a-bdca-ca63f5a7c16e","actor_name":"Enrique Perez","actor_username":"enriquepeto@yahoo.es","actor_via_sso":false,"log_type":"token"}', '2026-03-26 17:11:11.103763+00', ''),
	('00000000-0000-0000-0000-000000000000', '3d4bfda4-c442-4c20-a647-c9675ccaf9ab', '{"action":"token_refreshed","actor_id":"7f277d60-b640-4e49-b9b4-caa1970aea04","actor_username":"admin2@brickshare.com","actor_via_sso":false,"log_type":"token"}', '2026-03-26 17:20:44.269575+00', ''),
	('00000000-0000-0000-0000-000000000000', 'c7386b8c-6c9c-4769-815f-15e25d521404', '{"action":"token_revoked","actor_id":"7f277d60-b640-4e49-b9b4-caa1970aea04","actor_username":"admin2@brickshare.com","actor_via_sso":false,"log_type":"token"}', '2026-03-26 17:20:44.270029+00', ''),
	('00000000-0000-0000-0000-000000000000', '7e55610a-ae72-4a74-bb91-725354acb46c', '{"action":"token_refreshed","actor_id":"7f277d60-b640-4e49-b9b4-caa1970aea04","actor_username":"admin2@brickshare.com","actor_via_sso":false,"log_type":"token"}', '2026-03-26 18:21:36.902436+00', ''),
	('00000000-0000-0000-0000-000000000000', '649da899-d150-491a-996b-2ca3562a4ba4', '{"action":"token_revoked","actor_id":"7f277d60-b640-4e49-b9b4-caa1970aea04","actor_username":"admin2@brickshare.com","actor_via_sso":false,"log_type":"token"}', '2026-03-26 18:21:36.903016+00', ''),
	('00000000-0000-0000-0000-000000000000', 'f3b128d5-c9b2-45f5-8c50-7353acba5f07', '{"action":"token_refreshed","actor_id":"7f277d60-b640-4e49-b9b4-caa1970aea04","actor_username":"admin2@brickshare.com","actor_via_sso":false,"log_type":"token"}', '2026-03-26 19:21:36.894098+00', ''),
	('00000000-0000-0000-0000-000000000000', '539b5d09-8ab3-4f9b-a201-657a4323ce10', '{"action":"token_revoked","actor_id":"7f277d60-b640-4e49-b9b4-caa1970aea04","actor_username":"admin2@brickshare.com","actor_via_sso":false,"log_type":"token"}', '2026-03-26 19:21:36.894498+00', ''),
	('00000000-0000-0000-0000-000000000000', 'af7e919b-06de-4f93-bda7-d60c6166b412', '{"action":"token_refreshed","actor_id":"360aab57-f618-481a-bdca-ca63f5a7c16e","actor_name":"Enrique Perez","actor_username":"enriquepeto@yahoo.es","actor_via_sso":false,"log_type":"token"}', '2026-03-26 19:56:23.584133+00', ''),
	('00000000-0000-0000-0000-000000000000', '48d27d5f-cb2e-4a5e-be59-fe8d6685e924', '{"action":"token_revoked","actor_id":"360aab57-f618-481a-bdca-ca63f5a7c16e","actor_name":"Enrique Perez","actor_username":"enriquepeto@yahoo.es","actor_via_sso":false,"log_type":"token"}', '2026-03-26 19:56:23.584977+00', ''),
	('00000000-0000-0000-0000-000000000000', 'e9943cf9-487b-4f04-bd91-cba4134e13f3', '{"action":"user_deleted","actor_id":"00000000-0000-0000-0000-000000000000","actor_username":"service_role","actor_via_sso":false,"log_type":"team","traits":{"user_email":"admin2@brickshare.com","user_id":"7f277d60-b640-4e49-b9b4-caa1970aea04","user_phone":""}}', '2026-03-26 20:05:00.802111+00', ''),
	('00000000-0000-0000-0000-000000000000', '90836462-7088-4035-ae69-5af05f736720', '{"action":"user_deleted","actor_id":"00000000-0000-0000-0000-000000000000","actor_username":"service_role","actor_via_sso":false,"log_type":"team","traits":{"user_email":"enriqueperezbcn1973+test5@gmail.com","user_id":"003fda66-c138-4a2b-be18-52fa49ae98d4","user_phone":""}}', '2026-03-26 20:05:00.821382+00', ''),
	('00000000-0000-0000-0000-000000000000', '3bdec927-e60d-4191-ae69-91acb097e25b', '{"action":"user_deleted","actor_id":"00000000-0000-0000-0000-000000000000","actor_username":"service_role","actor_via_sso":false,"log_type":"team","traits":{"user_email":"enriqueperezbcn1973+test4@gmail.com","user_id":"cec33f52-f055-4c68-9830-b83d74aa9e16","user_phone":""}}', '2026-03-26 20:05:00.840789+00', ''),
	('00000000-0000-0000-0000-000000000000', '3915203b-3c15-441d-bafb-262238d3fbfd', '{"action":"user_deleted","actor_id":"00000000-0000-0000-0000-000000000000","actor_username":"service_role","actor_via_sso":false,"log_type":"team","traits":{"user_email":"enriqueperezbcn1973+test3@gmail.com","user_id":"7fd04ee0-5a5e-42fe-bfd9-f45fcf8b5565","user_phone":""}}', '2026-03-26 20:05:00.8622+00', ''),
	('00000000-0000-0000-0000-000000000000', '336ab6eb-ebd2-4183-bd12-0d9d9e5afa52', '{"action":"user_deleted","actor_id":"00000000-0000-0000-0000-000000000000","actor_username":"service_role","actor_via_sso":false,"log_type":"team","traits":{"user_email":"enriqueperezbcn1973+test2@gmail.com","user_id":"edb856de-4dca-443d-b242-8967ff93f462","user_phone":""}}', '2026-03-26 20:05:00.881837+00', ''),
	('00000000-0000-0000-0000-000000000000', '85f5fdeb-6736-4eab-92fe-8dc58ddbe1be', '{"action":"user_deleted","actor_id":"00000000-0000-0000-0000-000000000000","actor_username":"service_role","actor_via_sso":false,"log_type":"team","traits":{"user_email":"enriqueperezbcn1973+test1@gmail.com","user_id":"c5e3fa9b-462e-4bc6-80ab-9ff15f51923c","user_phone":""}}', '2026-03-26 20:05:00.900687+00', ''),
	('00000000-0000-0000-0000-000000000000', '416f7510-4604-48bd-87f5-e629ec5b80f2', '{"action":"user_deleted","actor_id":"00000000-0000-0000-0000-000000000000","actor_username":"service_role","actor_via_sso":false,"log_type":"team","traits":{"user_email":"user2@brickshare.com","user_id":"8251dd64-3747-40d0-8d20-c32b3a87d215","user_phone":""}}', '2026-03-26 20:05:00.920045+00', ''),
	('00000000-0000-0000-0000-000000000000', '7af63838-594f-4c9f-b305-83245520ea9e', '{"action":"user_deleted","actor_id":"00000000-0000-0000-0000-000000000000","actor_username":"service_role","actor_via_sso":false,"log_type":"team","traits":{"user_email":"enriquepeto@yahoo.es","user_id":"360aab57-f618-481a-bdca-ca63f5a7c16e","user_phone":""}}', '2026-03-26 20:05:00.939076+00', ''),
	('00000000-0000-0000-0000-000000000000', '046b0ec7-fd8b-4278-80ff-3d1b5f52669d', '{"action":"user_deleted","actor_id":"00000000-0000-0000-0000-000000000000","actor_username":"service_role","actor_via_sso":false,"log_type":"team","traits":{"user_email":"admin@brickshare.com","user_id":"f620655a-81a2-4cbe-89cf-bf5840b1a160","user_phone":""}}', '2026-03-26 20:05:00.957473+00', ''),
	('00000000-0000-0000-0000-000000000000', '092bf948-0cee-4faf-9ac6-00dc0c213b31', '{"action":"user_signedup","actor_id":"00000000-0000-0000-0000-000000000000","actor_username":"service_role","actor_via_sso":false,"log_type":"team","traits":{"provider":"email","user_email":"admin@brickshare.test","user_id":"0bcd275e-9ece-423b-862b-62f61c37a424","user_phone":""}}', '2026-03-26 20:05:01.028071+00', ''),
	('00000000-0000-0000-0000-000000000000', '05cb58b0-939a-4c28-ab8b-979b43853692', '{"action":"user_signedup","actor_id":"00000000-0000-0000-0000-000000000000","actor_username":"service_role","actor_via_sso":false,"log_type":"team","traits":{"provider":"email","user_email":"test@brickshare.test","user_id":"16b731fa-42b5-4144-a5e8-5b906739e339","user_phone":""}}', '2026-03-26 20:05:01.094383+00', ''),
	('00000000-0000-0000-0000-000000000000', '3f5d099c-08e0-4b72-9907-1c6552a38574', '{"action":"user_signedup","actor_id":"00000000-0000-0000-0000-000000000000","actor_username":"service_role","actor_via_sso":false,"log_type":"team","traits":{"provider":"email","user_email":"operator@brickshare.test","user_id":"fe4068ae-256f-4dd7-a76c-f0541c644c6f","user_phone":""}}', '2026-03-26 20:05:01.16098+00', ''),
	('00000000-0000-0000-0000-000000000000', '949d26fb-cdf6-42cc-898e-09249f32fbbe', '{"action":"user_deleted","actor_id":"00000000-0000-0000-0000-000000000000","actor_username":"service_role","actor_via_sso":false,"log_type":"team","traits":{"user_email":"operator@brickshare.test","user_id":"fe4068ae-256f-4dd7-a76c-f0541c644c6f","user_phone":""}}', '2026-03-26 20:10:42.052635+00', ''),
	('00000000-0000-0000-0000-000000000000', 'd0a40a09-00cb-4f77-aa84-2fc4fd650533', '{"action":"user_deleted","actor_id":"00000000-0000-0000-0000-000000000000","actor_username":"service_role","actor_via_sso":false,"log_type":"team","traits":{"user_email":"test@brickshare.test","user_id":"16b731fa-42b5-4144-a5e8-5b906739e339","user_phone":""}}', '2026-03-26 20:10:42.072956+00', ''),
	('00000000-0000-0000-0000-000000000000', '8347237b-844c-454f-840b-2a37eac52e3c', '{"action":"user_signedup","actor_id":"00000000-0000-0000-0000-000000000000","actor_username":"service_role","actor_via_sso":false,"log_type":"team","traits":{"provider":"email","user_email":"test-logistics-1774556037039@example.com","user_id":"812600cf-eae8-45ec-8dba-601e4eeb0897","user_phone":""}}', '2026-03-26 20:13:57.113842+00', ''),
	('00000000-0000-0000-0000-000000000000', 'afd48eb8-e799-4988-92ac-6388ad0f1a8a', '{"action":"user_signedup","actor_id":"00000000-0000-0000-0000-000000000000","actor_username":"service_role","actor_via_sso":false,"log_type":"team","traits":{"provider":"email","user_email":"test-logistics-1774556037723@example.com","user_id":"1b156019-a65e-4b32-aa35-1e937c166c08","user_phone":""}}', '2026-03-26 20:13:57.807542+00', ''),
	('00000000-0000-0000-0000-000000000000', '207abf05-213a-41e0-89d3-3af408b0a530', '{"action":"user_signedup","actor_id":"00000000-0000-0000-0000-000000000000","actor_username":"service_role","actor_via_sso":false,"log_type":"team","traits":{"provider":"email","user_email":"test-logistics-1774556038421@example.com","user_id":"7fe697f1-0dc8-4838-9b6f-d2685e495bab","user_phone":""}}', '2026-03-26 20:13:58.499765+00', ''),
	('00000000-0000-0000-0000-000000000000', 'dd1bd556-e987-4341-a033-110e496f77cb', '{"action":"user_signedup","actor_id":"00000000-0000-0000-0000-000000000000","actor_username":"service_role","actor_via_sso":false,"log_type":"team","traits":{"provider":"email","user_email":"test-logistics-1774556039119@example.com","user_id":"e627ca59-ec70-4882-adcf-1ef5915f679d","user_phone":""}}', '2026-03-26 20:13:59.186566+00', ''),
	('00000000-0000-0000-0000-000000000000', 'c270cf29-ec3c-401e-b6e0-16c435626799', '{"action":"user_signedup","actor_id":"00000000-0000-0000-0000-000000000000","actor_username":"service_role","actor_via_sso":false,"log_type":"team","traits":{"provider":"email","user_email":"test-logistics-1774556039798@example.com","user_id":"3b4f69cb-8ec5-4e22-a123-1559ccdcbbe8","user_phone":""}}', '2026-03-26 20:13:59.88377+00', ''),
	('00000000-0000-0000-0000-000000000000', 'c93a15eb-9df2-4873-b698-ac902d445c35', '{"action":"user_signedup","actor_id":"00000000-0000-0000-0000-000000000000","actor_username":"service_role","actor_via_sso":false,"log_type":"team","traits":{"provider":"email","user_email":"test-logistics-1774556040496@example.com","user_id":"ade1a90f-2ed6-4a6d-a508-44f5f4b2e5ff","user_phone":""}}', '2026-03-26 20:14:00.57339+00', ''),
	('00000000-0000-0000-0000-000000000000', '5586d9c8-b465-4182-9677-df59f0886ade', '{"action":"user_signedup","actor_id":"00000000-0000-0000-0000-000000000000","actor_username":"service_role","actor_via_sso":false,"log_type":"team","traits":{"provider":"email","user_email":"test-logistics-1774556041178@example.com","user_id":"1ca3055c-97c6-4da5-a9a1-f62dcb46f4a8","user_phone":""}}', '2026-03-26 20:14:01.244212+00', ''),
	('00000000-0000-0000-0000-000000000000', 'ceaced42-9e2e-4693-a3bb-6bdc552454de', '{"action":"login","actor_id":"0bcd275e-9ece-423b-862b-62f61c37a424","actor_username":"admin@brickshare.test","actor_via_sso":false,"log_type":"account","traits":{"provider":"email"}}', '2026-03-27 07:35:47.684111+00', ''),
	('00000000-0000-0000-0000-000000000000', '123e0f8d-7d75-41bb-8821-d9c48fea6704', '{"action":"user_signedup","actor_id":"00000000-0000-0000-0000-000000000000","actor_username":"service_role","actor_via_sso":false,"log_type":"team","traits":{"provider":"email","user_email":"test-logistics-1774556041848@example.com","user_id":"848ccfb2-222b-4798-89b7-dc2ea631c042","user_phone":""}}', '2026-03-26 20:14:01.926806+00', ''),
	('00000000-0000-0000-0000-000000000000', 'c227b6f1-e4e9-4d63-8f77-970407d8d87e', '{"action":"user_signedup","actor_id":"00000000-0000-0000-0000-000000000000","actor_username":"service_role","actor_via_sso":false,"log_type":"team","traits":{"provider":"email","user_email":"test-logistics-1774556042537@example.com","user_id":"fb14d79b-91bc-42ae-83c8-45a7b93c4f3b","user_phone":""}}', '2026-03-26 20:14:02.619146+00', ''),
	('00000000-0000-0000-0000-000000000000', 'e9c8b421-e825-44ae-9424-caa9d1214329', '{"action":"user_signedup","actor_id":"00000000-0000-0000-0000-000000000000","actor_username":"service_role","actor_via_sso":false,"log_type":"team","traits":{"provider":"email","user_email":"test-logistics-1774556043220@example.com","user_id":"9b1d784b-5db7-415a-9f79-8012518ae7c9","user_phone":""}}', '2026-03-26 20:14:03.289308+00', ''),
	('00000000-0000-0000-0000-000000000000', 'aa574911-bed1-4224-aca1-a93eb46768fe', '{"action":"user_signedup","actor_id":"00000000-0000-0000-0000-000000000000","actor_username":"service_role","actor_via_sso":false,"log_type":"team","traits":{"provider":"email","user_email":"test-logistics-1774556043889@example.com","user_id":"a1c2a348-9b77-4f05-ae52-a93cc544677d","user_phone":""}}', '2026-03-26 20:14:03.968188+00', ''),
	('00000000-0000-0000-0000-000000000000', 'fb32b7fd-7036-4893-b52a-d32fcb51ad83', '{"action":"user_signedup","actor_id":"00000000-0000-0000-0000-000000000000","actor_username":"service_role","actor_via_sso":false,"log_type":"team","traits":{"provider":"email","user_email":"test-logistics-1774556044576@example.com","user_id":"9bae4237-56e5-432a-ab38-8d0cb3df7a20","user_phone":""}}', '2026-03-26 20:14:04.658497+00', ''),
	('00000000-0000-0000-0000-000000000000', '9253e7e2-9392-45ba-9059-ec380c3341c1', '{"action":"user_signedup","actor_id":"00000000-0000-0000-0000-000000000000","actor_username":"service_role","actor_via_sso":false,"log_type":"team","traits":{"provider":"email","user_email":"test-logistics-1774556045274@example.com","user_id":"ac2a755b-077f-4d2d-b39a-21525a66c110","user_phone":""}}', '2026-03-26 20:14:05.345584+00', ''),
	('00000000-0000-0000-0000-000000000000', 'be1b76ed-7d98-49d6-b415-0ded4e0418e0', '{"action":"user_signedup","actor_id":"00000000-0000-0000-0000-000000000000","actor_username":"service_role","actor_via_sso":false,"log_type":"team","traits":{"provider":"email","user_email":"test-logistics-1774556045945@example.com","user_id":"36a67319-5a67-4cd0-942e-1aa5e7c84643","user_phone":""}}', '2026-03-26 20:14:06.020783+00', ''),
	('00000000-0000-0000-0000-000000000000', 'd8fd2b88-5cd2-4564-b1b0-70f8fd4b7ffb', '{"action":"user_signedup","actor_id":"00000000-0000-0000-0000-000000000000","actor_username":"service_role","actor_via_sso":false,"log_type":"team","traits":{"provider":"email","user_email":"test-logistics-1774556046626@example.com","user_id":"435de8d9-dbae-4315-90b2-3277e234a458","user_phone":""}}', '2026-03-26 20:14:06.708348+00', ''),
	('00000000-0000-0000-0000-000000000000', 'a1081b9a-c6b2-434a-84d1-9562bb384f44', '{"action":"user_signedup","actor_id":"00000000-0000-0000-0000-000000000000","actor_username":"service_role","actor_via_sso":false,"log_type":"team","traits":{"provider":"email","user_email":"test-logistics-1774556047315@example.com","user_id":"68444c55-0b0e-4d10-bf1f-9146d3ca4d33","user_phone":""}}', '2026-03-26 20:14:07.389243+00', ''),
	('00000000-0000-0000-0000-000000000000', '0da5e59d-211c-4975-a556-403d6288fe9b', '{"action":"user_signedup","actor_id":"00000000-0000-0000-0000-000000000000","actor_username":"service_role","actor_via_sso":false,"log_type":"team","traits":{"provider":"email","user_email":"test-payment-1774556047992@example.com","user_id":"6649b0a8-ded7-40dc-91c4-e7891e096310","user_phone":""}}', '2026-03-26 20:14:08.069473+00', ''),
	('00000000-0000-0000-0000-000000000000', 'd6f58762-0e0e-4dee-8eb2-468c778393c9', '{"action":"user_signedup","actor_id":"00000000-0000-0000-0000-000000000000","actor_username":"service_role","actor_via_sso":false,"log_type":"team","traits":{"provider":"email","user_email":"test-payment-1774556048695@example.com","user_id":"dfc7533e-1bf1-4391-934f-abbc81551251","user_phone":""}}', '2026-03-26 20:14:08.772571+00', ''),
	('00000000-0000-0000-0000-000000000000', 'bed00baf-9a5e-46bb-af3d-93050f9d2da0', '{"action":"user_signedup","actor_id":"00000000-0000-0000-0000-000000000000","actor_username":"service_role","actor_via_sso":false,"log_type":"team","traits":{"provider":"email","user_email":"test-payment-1774556049362@example.com","user_id":"d7cfbe67-f2c6-4181-a9d4-9065b4609e3a","user_phone":""}}', '2026-03-26 20:14:09.431239+00', ''),
	('00000000-0000-0000-0000-000000000000', 'f99c7d26-c187-4361-8be5-b29b02f45739', '{"action":"user_signedup","actor_id":"00000000-0000-0000-0000-000000000000","actor_username":"service_role","actor_via_sso":false,"log_type":"team","traits":{"provider":"email","user_email":"test-payment-1774556050081@example.com","user_id":"fe92a79b-37d3-4518-851f-91f9fb6467a2","user_phone":""}}', '2026-03-26 20:14:10.154244+00', ''),
	('00000000-0000-0000-0000-000000000000', '692104a1-92b8-48eb-90be-54db1bf3e2b1', '{"action":"user_signedup","actor_id":"00000000-0000-0000-0000-000000000000","actor_username":"service_role","actor_via_sso":false,"log_type":"team","traits":{"provider":"email","user_email":"test-payment-1774556050768@example.com","user_id":"579cf741-2c5f-43af-a99f-e4c371a7248f","user_phone":""}}', '2026-03-26 20:14:10.844923+00', ''),
	('00000000-0000-0000-0000-000000000000', '9de08f01-5332-4a62-bd28-55ab23a4bff5', '{"action":"user_signedup","actor_id":"00000000-0000-0000-0000-000000000000","actor_username":"service_role","actor_via_sso":false,"log_type":"team","traits":{"provider":"email","user_email":"test-payment-1774556051437@example.com","user_id":"a69cfa91-49e7-439c-9333-10445142f48b","user_phone":""}}', '2026-03-26 20:14:11.513401+00', ''),
	('00000000-0000-0000-0000-000000000000', '73429af1-d9b1-4baf-a62a-e92eaf2384a2', '{"action":"user_signedup","actor_id":"00000000-0000-0000-0000-000000000000","actor_username":"service_role","actor_via_sso":false,"log_type":"team","traits":{"provider":"email","user_email":"test-payment-1774556052119@example.com","user_id":"54de9013-7110-4a0a-82a5-7ff40c975e70","user_phone":""}}', '2026-03-26 20:14:12.187939+00', ''),
	('00000000-0000-0000-0000-000000000000', 'da122c8c-a83b-44e5-8fe0-67ab062de167', '{"action":"user_signedup","actor_id":"00000000-0000-0000-0000-000000000000","actor_username":"service_role","actor_via_sso":false,"log_type":"team","traits":{"provider":"email","user_email":"test-payment-1774556052783@example.com","user_id":"0b87dd88-4b1a-4ef1-bc6b-86614e5e29b3","user_phone":""}}', '2026-03-26 20:14:12.862927+00', ''),
	('00000000-0000-0000-0000-000000000000', 'b6105f88-51ac-46f7-b173-8db628772d69', '{"action":"user_signedup","actor_id":"00000000-0000-0000-0000-000000000000","actor_username":"service_role","actor_via_sso":false,"log_type":"team","traits":{"provider":"email","user_email":"test-payment-1774556053475@example.com","user_id":"f1d577f8-c216-4a18-8ec6-ac5a2bb83ab0","user_phone":""}}', '2026-03-26 20:14:13.548704+00', ''),
	('00000000-0000-0000-0000-000000000000', '591ae3be-3ce0-481f-bdde-32fa04f9f1fb', '{"action":"user_deleted","actor_id":"00000000-0000-0000-0000-000000000000","actor_username":"service_role","actor_via_sso":false,"log_type":"team","traits":{"user_email":"test-payment-1774556053475@example.com","user_id":"f1d577f8-c216-4a18-8ec6-ac5a2bb83ab0","user_phone":""}}', '2026-03-26 20:14:14.586333+00', ''),
	('00000000-0000-0000-0000-000000000000', 'b4fd3a4c-55be-4fae-896e-ea601ffe8d8d', '{"action":"user_deleted","actor_id":"00000000-0000-0000-0000-000000000000","actor_username":"service_role","actor_via_sso":false,"log_type":"team","traits":{"user_email":"test-payment-1774556052783@example.com","user_id":"0b87dd88-4b1a-4ef1-bc6b-86614e5e29b3","user_phone":""}}', '2026-03-26 20:14:14.606815+00', ''),
	('00000000-0000-0000-0000-000000000000', 'b0b6f140-8003-4002-9859-992cb0add16a', '{"action":"user_deleted","actor_id":"00000000-0000-0000-0000-000000000000","actor_username":"service_role","actor_via_sso":false,"log_type":"team","traits":{"user_email":"test-payment-1774556052119@example.com","user_id":"54de9013-7110-4a0a-82a5-7ff40c975e70","user_phone":""}}', '2026-03-26 20:14:14.625119+00', ''),
	('00000000-0000-0000-0000-000000000000', 'd3a1a018-1fe9-4b3b-8a35-59fd12a550e9', '{"action":"user_deleted","actor_id":"00000000-0000-0000-0000-000000000000","actor_username":"service_role","actor_via_sso":false,"log_type":"team","traits":{"user_email":"test-payment-1774556051437@example.com","user_id":"a69cfa91-49e7-439c-9333-10445142f48b","user_phone":""}}', '2026-03-26 20:14:14.644353+00', ''),
	('00000000-0000-0000-0000-000000000000', 'a2a23b81-dbfc-426e-a2da-02980a064224', '{"action":"user_deleted","actor_id":"00000000-0000-0000-0000-000000000000","actor_username":"service_role","actor_via_sso":false,"log_type":"team","traits":{"user_email":"test-payment-1774556050768@example.com","user_id":"579cf741-2c5f-43af-a99f-e4c371a7248f","user_phone":""}}', '2026-03-26 20:14:14.662699+00', ''),
	('00000000-0000-0000-0000-000000000000', '0d71e496-29f7-412a-9b54-9b04721b5e26', '{"action":"user_deleted","actor_id":"00000000-0000-0000-0000-000000000000","actor_username":"service_role","actor_via_sso":false,"log_type":"team","traits":{"user_email":"test-payment-1774556050081@example.com","user_id":"fe92a79b-37d3-4518-851f-91f9fb6467a2","user_phone":""}}', '2026-03-26 20:14:14.683867+00', ''),
	('00000000-0000-0000-0000-000000000000', 'd000c7cb-615e-45af-b1c3-8ec48313c942', '{"action":"user_deleted","actor_id":"00000000-0000-0000-0000-000000000000","actor_username":"service_role","actor_via_sso":false,"log_type":"team","traits":{"user_email":"test-payment-1774556049362@example.com","user_id":"d7cfbe67-f2c6-4181-a9d4-9065b4609e3a","user_phone":""}}', '2026-03-26 20:14:14.708858+00', ''),
	('00000000-0000-0000-0000-000000000000', 'ce3adc0d-7cb9-4663-98b5-641819f6ca38', '{"action":"user_deleted","actor_id":"00000000-0000-0000-0000-000000000000","actor_username":"service_role","actor_via_sso":false,"log_type":"team","traits":{"user_email":"test-payment-1774556048695@example.com","user_id":"dfc7533e-1bf1-4391-934f-abbc81551251","user_phone":""}}', '2026-03-26 20:14:14.727823+00', ''),
	('00000000-0000-0000-0000-000000000000', '6e78f254-d46d-4a1b-ac9f-4569cd54f60f', '{"action":"user_deleted","actor_id":"00000000-0000-0000-0000-000000000000","actor_username":"service_role","actor_via_sso":false,"log_type":"team","traits":{"user_email":"test-payment-1774556047992@example.com","user_id":"6649b0a8-ded7-40dc-91c4-e7891e096310","user_phone":""}}', '2026-03-26 20:14:14.746993+00', ''),
	('00000000-0000-0000-0000-000000000000', '2c8cbaa0-dac4-4164-8313-c4631113b40f', '{"action":"user_deleted","actor_id":"00000000-0000-0000-0000-000000000000","actor_username":"service_role","actor_via_sso":false,"log_type":"team","traits":{"user_email":"test-logistics-1774556047315@example.com","user_id":"68444c55-0b0e-4d10-bf1f-9146d3ca4d33","user_phone":""}}', '2026-03-26 20:14:14.766188+00', ''),
	('00000000-0000-0000-0000-000000000000', 'eb23d61d-f245-47fe-b1a4-aaf3cc42e062', '{"action":"user_deleted","actor_id":"00000000-0000-0000-0000-000000000000","actor_username":"service_role","actor_via_sso":false,"log_type":"team","traits":{"user_email":"test-logistics-1774556046626@example.com","user_id":"435de8d9-dbae-4315-90b2-3277e234a458","user_phone":""}}', '2026-03-26 20:14:14.786062+00', ''),
	('00000000-0000-0000-0000-000000000000', 'ef0f2f45-e69b-49f8-be82-ddd8d89f23ed', '{"action":"user_deleted","actor_id":"00000000-0000-0000-0000-000000000000","actor_username":"service_role","actor_via_sso":false,"log_type":"team","traits":{"user_email":"test-logistics-1774556045945@example.com","user_id":"36a67319-5a67-4cd0-942e-1aa5e7c84643","user_phone":""}}', '2026-03-26 20:14:14.80975+00', ''),
	('00000000-0000-0000-0000-000000000000', '3a713786-b65b-4cff-87f9-794dcb1a44d0', '{"action":"user_deleted","actor_id":"00000000-0000-0000-0000-000000000000","actor_username":"service_role","actor_via_sso":false,"log_type":"team","traits":{"user_email":"test-logistics-1774556045274@example.com","user_id":"ac2a755b-077f-4d2d-b39a-21525a66c110","user_phone":""}}', '2026-03-26 20:14:14.828762+00', ''),
	('00000000-0000-0000-0000-000000000000', '4bf0b60f-b5e1-497c-9766-8b5c2c61258d', '{"action":"user_deleted","actor_id":"00000000-0000-0000-0000-000000000000","actor_username":"service_role","actor_via_sso":false,"log_type":"team","traits":{"user_email":"test-logistics-1774556044576@example.com","user_id":"9bae4237-56e5-432a-ab38-8d0cb3df7a20","user_phone":""}}', '2026-03-26 20:14:14.848541+00', ''),
	('00000000-0000-0000-0000-000000000000', '21067f4c-0b2f-4343-913f-c0ea842566a3', '{"action":"user_deleted","actor_id":"00000000-0000-0000-0000-000000000000","actor_username":"service_role","actor_via_sso":false,"log_type":"team","traits":{"user_email":"test-logistics-1774556043889@example.com","user_id":"a1c2a348-9b77-4f05-ae52-a93cc544677d","user_phone":""}}', '2026-03-26 20:14:14.868427+00', ''),
	('00000000-0000-0000-0000-000000000000', 'df314713-f39a-4edd-99e1-5e12eace1aa6', '{"action":"user_deleted","actor_id":"00000000-0000-0000-0000-000000000000","actor_username":"service_role","actor_via_sso":false,"log_type":"team","traits":{"user_email":"test-logistics-1774556043220@example.com","user_id":"9b1d784b-5db7-415a-9f79-8012518ae7c9","user_phone":""}}', '2026-03-26 20:14:14.887527+00', ''),
	('00000000-0000-0000-0000-000000000000', '91ebc982-fd50-4089-9bd5-e6aae753f545', '{"action":"user_deleted","actor_id":"00000000-0000-0000-0000-000000000000","actor_username":"service_role","actor_via_sso":false,"log_type":"team","traits":{"user_email":"test-logistics-1774556042537@example.com","user_id":"fb14d79b-91bc-42ae-83c8-45a7b93c4f3b","user_phone":""}}', '2026-03-26 20:14:14.906746+00', ''),
	('00000000-0000-0000-0000-000000000000', 'd20c27a5-a1f8-4749-82bb-aa524e263813', '{"action":"user_deleted","actor_id":"00000000-0000-0000-0000-000000000000","actor_username":"service_role","actor_via_sso":false,"log_type":"team","traits":{"user_email":"test-logistics-1774556041848@example.com","user_id":"848ccfb2-222b-4798-89b7-dc2ea631c042","user_phone":""}}', '2026-03-26 20:14:14.926571+00', ''),
	('00000000-0000-0000-0000-000000000000', '15f2cddc-17c1-43da-b04c-f770b7f2f5b4', '{"action":"user_deleted","actor_id":"00000000-0000-0000-0000-000000000000","actor_username":"service_role","actor_via_sso":false,"log_type":"team","traits":{"user_email":"test-logistics-1774556041178@example.com","user_id":"1ca3055c-97c6-4da5-a9a1-f62dcb46f4a8","user_phone":""}}', '2026-03-26 20:14:14.946996+00', ''),
	('00000000-0000-0000-0000-000000000000', 'dc5db222-3885-4d03-9572-91ea8a885a53', '{"action":"user_deleted","actor_id":"00000000-0000-0000-0000-000000000000","actor_username":"service_role","actor_via_sso":false,"log_type":"team","traits":{"user_email":"test-logistics-1774556040496@example.com","user_id":"ade1a90f-2ed6-4a6d-a508-44f5f4b2e5ff","user_phone":""}}', '2026-03-26 20:14:14.966904+00', ''),
	('00000000-0000-0000-0000-000000000000', 'fd3b9209-5f17-4638-ac2d-b1fb64fc67f3', '{"action":"user_deleted","actor_id":"00000000-0000-0000-0000-000000000000","actor_username":"service_role","actor_via_sso":false,"log_type":"team","traits":{"user_email":"test-logistics-1774556039798@example.com","user_id":"3b4f69cb-8ec5-4e22-a123-1559ccdcbbe8","user_phone":""}}', '2026-03-26 20:14:14.986366+00', ''),
	('00000000-0000-0000-0000-000000000000', '62319749-a8d3-417e-9259-c415b8499752', '{"action":"user_deleted","actor_id":"00000000-0000-0000-0000-000000000000","actor_username":"service_role","actor_via_sso":false,"log_type":"team","traits":{"user_email":"test-logistics-1774556039119@example.com","user_id":"e627ca59-ec70-4882-adcf-1ef5915f679d","user_phone":""}}', '2026-03-26 20:14:15.008044+00', ''),
	('00000000-0000-0000-0000-000000000000', '8e5c614f-40e0-4f38-a663-0c8240f73732', '{"action":"user_deleted","actor_id":"00000000-0000-0000-0000-000000000000","actor_username":"service_role","actor_via_sso":false,"log_type":"team","traits":{"user_email":"test-logistics-1774556038421@example.com","user_id":"7fe697f1-0dc8-4838-9b6f-d2685e495bab","user_phone":""}}', '2026-03-26 20:14:15.027367+00', ''),
	('00000000-0000-0000-0000-000000000000', '08c28798-a3a9-4047-ab31-5c39f4df79a0', '{"action":"user_deleted","actor_id":"00000000-0000-0000-0000-000000000000","actor_username":"service_role","actor_via_sso":false,"log_type":"team","traits":{"user_email":"test-logistics-1774556037723@example.com","user_id":"1b156019-a65e-4b32-aa35-1e937c166c08","user_phone":""}}', '2026-03-26 20:14:15.047117+00', ''),
	('00000000-0000-0000-0000-000000000000', '13f23d6b-7e8d-4ead-84b2-6d95b756260b', '{"action":"user_deleted","actor_id":"00000000-0000-0000-0000-000000000000","actor_username":"service_role","actor_via_sso":false,"log_type":"team","traits":{"user_email":"test-logistics-1774556037039@example.com","user_id":"812600cf-eae8-45ec-8dba-601e4eeb0897","user_phone":""}}', '2026-03-26 20:14:15.067016+00', ''),
	('00000000-0000-0000-0000-000000000000', '2f2ab0ef-2b61-4a48-a026-9e618e66e3bb', '{"action":"user_signedup","actor_id":"00000000-0000-0000-0000-000000000000","actor_username":"service_role","actor_via_sso":false,"log_type":"team","traits":{"provider":"email","user_email":"test-logistics-1774556113193@example.com","user_id":"b1ee6125-14d5-4699-9c45-bd8c25df92da","user_phone":""}}', '2026-03-26 20:15:13.269022+00', ''),
	('00000000-0000-0000-0000-000000000000', '04b83ab8-e84e-4fba-902b-aadf40157866', '{"action":"user_signedup","actor_id":"00000000-0000-0000-0000-000000000000","actor_username":"service_role","actor_via_sso":false,"log_type":"team","traits":{"provider":"email","user_email":"test-logistics-1774556113863@example.com","user_id":"b3104bad-c82b-4d70-ad97-139c7610ac37","user_phone":""}}', '2026-03-26 20:15:13.945062+00', ''),
	('00000000-0000-0000-0000-000000000000', '2403e4ad-bc69-481b-9dbe-9631438d0b88', '{"action":"user_signedup","actor_id":"00000000-0000-0000-0000-000000000000","actor_username":"service_role","actor_via_sso":false,"log_type":"team","traits":{"provider":"email","user_email":"test-logistics-1774556114550@example.com","user_id":"474c4c89-f30d-450e-9c60-badfbdcbaec4","user_phone":""}}', '2026-03-26 20:15:14.629099+00', ''),
	('00000000-0000-0000-0000-000000000000', '36349b67-c1a6-43f6-8d06-142e7c1b3b86', '{"action":"user_signedup","actor_id":"00000000-0000-0000-0000-000000000000","actor_username":"service_role","actor_via_sso":false,"log_type":"team","traits":{"provider":"email","user_email":"test-logistics-1774556115217@example.com","user_id":"0e287fae-e617-4d51-86c5-d6fab1fb3e29","user_phone":""}}', '2026-03-26 20:15:15.287948+00', ''),
	('00000000-0000-0000-0000-000000000000', '87f4602f-19b2-443a-9e74-78e0c0eac568', '{"action":"user_signedup","actor_id":"00000000-0000-0000-0000-000000000000","actor_username":"service_role","actor_via_sso":false,"log_type":"team","traits":{"provider":"email","user_email":"test-logistics-1774556115881@example.com","user_id":"7531a827-0cd3-47e9-a818-d64d47075d63","user_phone":""}}', '2026-03-26 20:15:15.960425+00', ''),
	('00000000-0000-0000-0000-000000000000', '94a2ba4d-5b30-4ed2-b57e-d0d68b0d0e0b', '{"action":"user_signedup","actor_id":"00000000-0000-0000-0000-000000000000","actor_username":"service_role","actor_via_sso":false,"log_type":"team","traits":{"provider":"email","user_email":"test-logistics-1774556116556@example.com","user_id":"df37a8d1-4af6-4d9d-836b-52200d0d3041","user_phone":""}}', '2026-03-26 20:15:16.632677+00', ''),
	('00000000-0000-0000-0000-000000000000', '8317e5a6-5e2a-49c2-9aeb-8c2c5a5cd228', '{"action":"user_signedup","actor_id":"00000000-0000-0000-0000-000000000000","actor_username":"service_role","actor_via_sso":false,"log_type":"team","traits":{"provider":"email","user_email":"test-logistics-1774556117243@example.com","user_id":"c1815675-2937-4d93-b639-2f4de9f5605a","user_phone":""}}', '2026-03-26 20:15:17.310984+00', ''),
	('00000000-0000-0000-0000-000000000000', 'beabca66-ff20-4db6-af86-c3abc87860db', '{"action":"user_signedup","actor_id":"00000000-0000-0000-0000-000000000000","actor_username":"service_role","actor_via_sso":false,"log_type":"team","traits":{"provider":"email","user_email":"test-logistics-1774556117895@example.com","user_id":"ea5c0f40-753b-4fd1-baf6-5fd5c9b834dc","user_phone":""}}', '2026-03-26 20:15:17.977752+00', ''),
	('00000000-0000-0000-0000-000000000000', '7dada44d-e560-4a9c-9dc6-0694e7de1bf6', '{"action":"user_signedup","actor_id":"00000000-0000-0000-0000-000000000000","actor_username":"service_role","actor_via_sso":false,"log_type":"team","traits":{"provider":"email","user_email":"test-logistics-1774556118570@example.com","user_id":"fa2c5898-f5a2-4c62-be35-f72b7e0d7cbc","user_phone":""}}', '2026-03-26 20:15:18.647323+00', ''),
	('00000000-0000-0000-0000-000000000000', '74562c6f-f425-4c1f-87bb-b06df28479c7', '{"action":"user_signedup","actor_id":"00000000-0000-0000-0000-000000000000","actor_username":"service_role","actor_via_sso":false,"log_type":"team","traits":{"provider":"email","user_email":"test-logistics-1774556119241@example.com","user_id":"708908d6-1286-46cc-91da-fe2f5a873adf","user_phone":""}}', '2026-03-26 20:15:19.315613+00', ''),
	('00000000-0000-0000-0000-000000000000', 'ba8c2e81-19f2-4268-9e01-7b3c86428429', '{"action":"user_signedup","actor_id":"00000000-0000-0000-0000-000000000000","actor_username":"service_role","actor_via_sso":false,"log_type":"team","traits":{"provider":"email","user_email":"test-logistics-1774556119908@example.com","user_id":"89fb3f54-7525-48ad-b98a-47e8163d541d","user_phone":""}}', '2026-03-26 20:15:19.984334+00', ''),
	('00000000-0000-0000-0000-000000000000', '21d894c3-e032-46e5-97b9-52083461b00b', '{"action":"user_signedup","actor_id":"00000000-0000-0000-0000-000000000000","actor_username":"service_role","actor_via_sso":false,"log_type":"team","traits":{"provider":"email","user_email":"test-logistics-1774556120586@example.com","user_id":"dfbcadbc-b02e-484f-a68f-fd0f1ed66488","user_phone":""}}', '2026-03-26 20:15:20.667628+00', ''),
	('00000000-0000-0000-0000-000000000000', 'c76a66ea-21d5-473a-a33f-567b23d0b7e3', '{"action":"user_signedup","actor_id":"00000000-0000-0000-0000-000000000000","actor_username":"service_role","actor_via_sso":false,"log_type":"team","traits":{"provider":"email","user_email":"test-logistics-1774556121260@example.com","user_id":"31fc4911-295b-4532-add2-ab6db22d9a59","user_phone":""}}', '2026-03-26 20:15:21.341542+00', ''),
	('00000000-0000-0000-0000-000000000000', '3ed8176a-8a0e-4716-bec1-d8c77b772934', '{"action":"user_signedup","actor_id":"00000000-0000-0000-0000-000000000000","actor_username":"service_role","actor_via_sso":false,"log_type":"team","traits":{"provider":"email","user_email":"test-logistics-1774556121938@example.com","user_id":"260d7c39-8396-49b1-8b00-c6a1e9f10a61","user_phone":""}}', '2026-03-26 20:15:22.015911+00', ''),
	('00000000-0000-0000-0000-000000000000', '6de5cf4f-f83e-4441-9769-35da3566d96f', '{"action":"user_signedup","actor_id":"00000000-0000-0000-0000-000000000000","actor_username":"service_role","actor_via_sso":false,"log_type":"team","traits":{"provider":"email","user_email":"test-logistics-1774556122602@example.com","user_id":"76ff0e49-81b1-488b-a8e5-367db31a388a","user_phone":""}}', '2026-03-26 20:15:22.677972+00', ''),
	('00000000-0000-0000-0000-000000000000', '7bb8b097-6e22-4685-99a5-fd8c62e1b20b', '{"action":"user_signedup","actor_id":"00000000-0000-0000-0000-000000000000","actor_username":"service_role","actor_via_sso":false,"log_type":"team","traits":{"provider":"email","user_email":"test-logistics-1774556123276@example.com","user_id":"9f86a7c0-29d7-4351-b22d-fde50c14b54f","user_phone":""}}', '2026-03-26 20:15:23.358858+00', ''),
	('00000000-0000-0000-0000-000000000000', '5a501f3c-14e0-40cc-ba5f-a88a6485af0e', '{"action":"user_signedup","actor_id":"00000000-0000-0000-0000-000000000000","actor_username":"service_role","actor_via_sso":false,"log_type":"team","traits":{"provider":"email","user_email":"test-payment-1774556123973@example.com","user_id":"e26506a5-8939-4436-857d-0adb8761fa4d","user_phone":""}}', '2026-03-26 20:15:24.0537+00', ''),
	('00000000-0000-0000-0000-000000000000', '6766988b-8452-477e-a30c-7949435cb9f7', '{"action":"user_signedup","actor_id":"00000000-0000-0000-0000-000000000000","actor_username":"service_role","actor_via_sso":false,"log_type":"team","traits":{"provider":"email","user_email":"test-payment-1774556124628@example.com","user_id":"f7c87843-c1ad-40cc-86a1-95c602e6f9d0","user_phone":""}}', '2026-03-26 20:15:24.709002+00', ''),
	('00000000-0000-0000-0000-000000000000', 'ec49edb7-b5a8-4a32-8794-27e9da5b7a76', '{"action":"user_signedup","actor_id":"00000000-0000-0000-0000-000000000000","actor_username":"service_role","actor_via_sso":false,"log_type":"team","traits":{"provider":"email","user_email":"test-payment-1774556125365@example.com","user_id":"aa882efe-ba91-4de7-b390-2e9727dbad38","user_phone":""}}', '2026-03-26 20:15:25.44522+00', ''),
	('00000000-0000-0000-0000-000000000000', 'b2fee0ee-a012-4ad8-b792-d136ce4290be', '{"action":"user_signedup","actor_id":"00000000-0000-0000-0000-000000000000","actor_username":"service_role","actor_via_sso":false,"log_type":"team","traits":{"provider":"email","user_email":"test-payment-1774556126051@example.com","user_id":"de2f5c2a-3ed2-4e2d-ad30-f54a5dac483e","user_phone":""}}', '2026-03-26 20:15:26.130594+00', ''),
	('00000000-0000-0000-0000-000000000000', '876f687e-e2e7-472c-9c7f-31a355bef26c', '{"action":"user_signedup","actor_id":"00000000-0000-0000-0000-000000000000","actor_username":"service_role","actor_via_sso":false,"log_type":"team","traits":{"provider":"email","user_email":"test-payment-1774556126741@example.com","user_id":"4e019dd0-b89a-406e-b000-f2c5d917e0cf","user_phone":""}}', '2026-03-26 20:15:26.810638+00', ''),
	('00000000-0000-0000-0000-000000000000', 'bfcc7ac4-cc21-460e-9dac-3a0a7ae2f7ff', '{"action":"user_signedup","actor_id":"00000000-0000-0000-0000-000000000000","actor_username":"service_role","actor_via_sso":false,"log_type":"team","traits":{"provider":"email","user_email":"test-payment-1774556127409@example.com","user_id":"7a7b9fc8-dd33-4073-948c-b06615be085b","user_phone":""}}', '2026-03-26 20:15:27.486661+00', ''),
	('00000000-0000-0000-0000-000000000000', 'ec00341d-5cac-4177-b8e4-435eceb4e3a7', '{"action":"user_signedup","actor_id":"00000000-0000-0000-0000-000000000000","actor_username":"service_role","actor_via_sso":false,"log_type":"team","traits":{"provider":"email","user_email":"test-payment-1774556128082@example.com","user_id":"d5a7f8ba-50c1-41f6-9573-ce6bf5f99750","user_phone":""}}', '2026-03-26 20:15:28.165341+00', ''),
	('00000000-0000-0000-0000-000000000000', '75170174-121e-455a-ae0b-ff9575c07831', '{"action":"user_signedup","actor_id":"00000000-0000-0000-0000-000000000000","actor_username":"service_role","actor_via_sso":false,"log_type":"team","traits":{"provider":"email","user_email":"test-payment-1774556128761@example.com","user_id":"4c99d511-ab02-4b06-ba7a-f2b94c06c217","user_phone":""}}', '2026-03-26 20:15:28.828607+00', ''),
	('00000000-0000-0000-0000-000000000000', '5ec364ff-5826-4051-91bd-a5f9238d9f86', '{"action":"user_signedup","actor_id":"00000000-0000-0000-0000-000000000000","actor_username":"service_role","actor_via_sso":false,"log_type":"team","traits":{"provider":"email","user_email":"test-payment-1774556129435@example.com","user_id":"fea040b7-903f-4a57-85ac-578044436dd8","user_phone":""}}', '2026-03-26 20:15:29.52037+00', ''),
	('00000000-0000-0000-0000-000000000000', '61d6e800-b38e-4fc8-93d4-85dc2129d8c7', '{"action":"user_deleted","actor_id":"00000000-0000-0000-0000-000000000000","actor_username":"service_role","actor_via_sso":false,"log_type":"team","traits":{"user_email":"test-payment-1774556129435@example.com","user_id":"fea040b7-903f-4a57-85ac-578044436dd8","user_phone":""}}', '2026-03-26 20:15:30.586231+00', ''),
	('00000000-0000-0000-0000-000000000000', '7e5e4c3d-f31a-465c-991c-5c13768807b4', '{"action":"user_deleted","actor_id":"00000000-0000-0000-0000-000000000000","actor_username":"service_role","actor_via_sso":false,"log_type":"team","traits":{"user_email":"test-payment-1774556128761@example.com","user_id":"4c99d511-ab02-4b06-ba7a-f2b94c06c217","user_phone":""}}', '2026-03-26 20:15:30.609131+00', ''),
	('00000000-0000-0000-0000-000000000000', 'a80ec913-8468-4379-b890-3f66951ae472', '{"action":"user_deleted","actor_id":"00000000-0000-0000-0000-000000000000","actor_username":"service_role","actor_via_sso":false,"log_type":"team","traits":{"user_email":"test-payment-1774556128082@example.com","user_id":"d5a7f8ba-50c1-41f6-9573-ce6bf5f99750","user_phone":""}}', '2026-03-26 20:15:30.631039+00', ''),
	('00000000-0000-0000-0000-000000000000', '4647404f-5aea-4046-857e-e5dacfcddc1a', '{"action":"user_deleted","actor_id":"00000000-0000-0000-0000-000000000000","actor_username":"service_role","actor_via_sso":false,"log_type":"team","traits":{"user_email":"test-payment-1774556127409@example.com","user_id":"7a7b9fc8-dd33-4073-948c-b06615be085b","user_phone":""}}', '2026-03-26 20:15:30.653671+00', ''),
	('00000000-0000-0000-0000-000000000000', '3f9ec18d-b3c7-4b44-b839-4c2925b572a4', '{"action":"user_deleted","actor_id":"00000000-0000-0000-0000-000000000000","actor_username":"service_role","actor_via_sso":false,"log_type":"team","traits":{"user_email":"test-payment-1774556126741@example.com","user_id":"4e019dd0-b89a-406e-b000-f2c5d917e0cf","user_phone":""}}', '2026-03-26 20:15:30.67409+00', ''),
	('00000000-0000-0000-0000-000000000000', 'fd4f2000-689c-4df7-8a1b-9d18dbfe6771', '{"action":"user_deleted","actor_id":"00000000-0000-0000-0000-000000000000","actor_username":"service_role","actor_via_sso":false,"log_type":"team","traits":{"user_email":"test-payment-1774556126051@example.com","user_id":"de2f5c2a-3ed2-4e2d-ad30-f54a5dac483e","user_phone":""}}', '2026-03-26 20:15:30.695204+00', ''),
	('00000000-0000-0000-0000-000000000000', '9645f24e-9874-4bd9-a8c9-422e7169c664', '{"action":"user_deleted","actor_id":"00000000-0000-0000-0000-000000000000","actor_username":"service_role","actor_via_sso":false,"log_type":"team","traits":{"user_email":"test-payment-1774556125365@example.com","user_id":"aa882efe-ba91-4de7-b390-2e9727dbad38","user_phone":""}}', '2026-03-26 20:15:30.714226+00', ''),
	('00000000-0000-0000-0000-000000000000', 'dc2c44cd-e6c0-42cf-9950-2f9d49513a73', '{"action":"user_deleted","actor_id":"00000000-0000-0000-0000-000000000000","actor_username":"service_role","actor_via_sso":false,"log_type":"team","traits":{"user_email":"test-payment-1774556124628@example.com","user_id":"f7c87843-c1ad-40cc-86a1-95c602e6f9d0","user_phone":""}}', '2026-03-26 20:15:30.733811+00', ''),
	('00000000-0000-0000-0000-000000000000', '0b9fd709-2018-40d1-880c-88e976d752e6', '{"action":"user_deleted","actor_id":"00000000-0000-0000-0000-000000000000","actor_username":"service_role","actor_via_sso":false,"log_type":"team","traits":{"user_email":"test-payment-1774556123973@example.com","user_id":"e26506a5-8939-4436-857d-0adb8761fa4d","user_phone":""}}', '2026-03-26 20:15:30.751741+00', ''),
	('00000000-0000-0000-0000-000000000000', '64230c2b-62d0-4004-99e5-595ba150b991', '{"action":"user_deleted","actor_id":"00000000-0000-0000-0000-000000000000","actor_username":"service_role","actor_via_sso":false,"log_type":"team","traits":{"user_email":"test-logistics-1774556123276@example.com","user_id":"9f86a7c0-29d7-4351-b22d-fde50c14b54f","user_phone":""}}', '2026-03-26 20:15:30.769816+00', ''),
	('00000000-0000-0000-0000-000000000000', '2823276a-d487-4419-b6a6-a359068afc5a', '{"action":"user_deleted","actor_id":"00000000-0000-0000-0000-000000000000","actor_username":"service_role","actor_via_sso":false,"log_type":"team","traits":{"user_email":"test-logistics-1774556122602@example.com","user_id":"76ff0e49-81b1-488b-a8e5-367db31a388a","user_phone":""}}', '2026-03-26 20:15:30.787648+00', ''),
	('00000000-0000-0000-0000-000000000000', '4916b49a-d0fb-4ee9-a0e4-a4836f9e8107', '{"action":"user_deleted","actor_id":"00000000-0000-0000-0000-000000000000","actor_username":"service_role","actor_via_sso":false,"log_type":"team","traits":{"user_email":"test-logistics-1774556121938@example.com","user_id":"260d7c39-8396-49b1-8b00-c6a1e9f10a61","user_phone":""}}', '2026-03-26 20:15:30.806808+00', ''),
	('00000000-0000-0000-0000-000000000000', 'e1b6ef6b-475f-4512-b402-e3d5439f8077', '{"action":"user_deleted","actor_id":"00000000-0000-0000-0000-000000000000","actor_username":"service_role","actor_via_sso":false,"log_type":"team","traits":{"user_email":"test-logistics-1774556121260@example.com","user_id":"31fc4911-295b-4532-add2-ab6db22d9a59","user_phone":""}}', '2026-03-26 20:15:30.826364+00', ''),
	('00000000-0000-0000-0000-000000000000', '5d8a51e8-9470-4d11-a95f-241fdb9a3300', '{"action":"user_deleted","actor_id":"00000000-0000-0000-0000-000000000000","actor_username":"service_role","actor_via_sso":false,"log_type":"team","traits":{"user_email":"test-logistics-1774556120586@example.com","user_id":"dfbcadbc-b02e-484f-a68f-fd0f1ed66488","user_phone":""}}', '2026-03-26 20:15:30.847104+00', ''),
	('00000000-0000-0000-0000-000000000000', '4246ceb2-ce8f-4a09-9a29-341d25f56167', '{"action":"user_deleted","actor_id":"00000000-0000-0000-0000-000000000000","actor_username":"service_role","actor_via_sso":false,"log_type":"team","traits":{"user_email":"test-logistics-1774556119908@example.com","user_id":"89fb3f54-7525-48ad-b98a-47e8163d541d","user_phone":""}}', '2026-03-26 20:15:30.867172+00', ''),
	('00000000-0000-0000-0000-000000000000', '347d46a5-10fb-45dc-aa52-958e6f897136', '{"action":"user_deleted","actor_id":"00000000-0000-0000-0000-000000000000","actor_username":"service_role","actor_via_sso":false,"log_type":"team","traits":{"user_email":"test-logistics-1774556119241@example.com","user_id":"708908d6-1286-46cc-91da-fe2f5a873adf","user_phone":""}}', '2026-03-26 20:15:30.888549+00', ''),
	('00000000-0000-0000-0000-000000000000', 'b559f658-d858-4852-9aa6-c8d6e7e94436', '{"action":"user_deleted","actor_id":"00000000-0000-0000-0000-000000000000","actor_username":"service_role","actor_via_sso":false,"log_type":"team","traits":{"user_email":"test-logistics-1774556118570@example.com","user_id":"fa2c5898-f5a2-4c62-be35-f72b7e0d7cbc","user_phone":""}}', '2026-03-26 20:15:30.907423+00', ''),
	('00000000-0000-0000-0000-000000000000', '4c0a0cf8-0245-497b-b5df-0cbd1e1e8503', '{"action":"user_deleted","actor_id":"00000000-0000-0000-0000-000000000000","actor_username":"service_role","actor_via_sso":false,"log_type":"team","traits":{"user_email":"test-logistics-1774556117895@example.com","user_id":"ea5c0f40-753b-4fd1-baf6-5fd5c9b834dc","user_phone":""}}', '2026-03-26 20:15:30.926292+00', ''),
	('00000000-0000-0000-0000-000000000000', '0b0f4589-fb3d-4de6-8bf7-0427885a271d', '{"action":"user_deleted","actor_id":"00000000-0000-0000-0000-000000000000","actor_username":"service_role","actor_via_sso":false,"log_type":"team","traits":{"user_email":"test-logistics-1774556117243@example.com","user_id":"c1815675-2937-4d93-b639-2f4de9f5605a","user_phone":""}}', '2026-03-26 20:15:30.944501+00', ''),
	('00000000-0000-0000-0000-000000000000', '1f0f77c7-8f94-4dba-a996-3000aa53bf80', '{"action":"user_deleted","actor_id":"00000000-0000-0000-0000-000000000000","actor_username":"service_role","actor_via_sso":false,"log_type":"team","traits":{"user_email":"test-logistics-1774556116556@example.com","user_id":"df37a8d1-4af6-4d9d-836b-52200d0d3041","user_phone":""}}', '2026-03-26 20:15:30.963613+00', ''),
	('00000000-0000-0000-0000-000000000000', '2783de4e-3c8f-4896-bd40-8c8c8960779d', '{"action":"user_deleted","actor_id":"00000000-0000-0000-0000-000000000000","actor_username":"service_role","actor_via_sso":false,"log_type":"team","traits":{"user_email":"test-logistics-1774556115881@example.com","user_id":"7531a827-0cd3-47e9-a818-d64d47075d63","user_phone":""}}', '2026-03-26 20:15:30.984148+00', ''),
	('00000000-0000-0000-0000-000000000000', 'e51632da-0558-4224-9682-e06a72e11c6b', '{"action":"user_deleted","actor_id":"00000000-0000-0000-0000-000000000000","actor_username":"service_role","actor_via_sso":false,"log_type":"team","traits":{"user_email":"test-logistics-1774556115217@example.com","user_id":"0e287fae-e617-4d51-86c5-d6fab1fb3e29","user_phone":""}}', '2026-03-26 20:15:31.002883+00', ''),
	('00000000-0000-0000-0000-000000000000', 'e8bdc786-d95b-4ede-9b13-42ad7f4ce8f1', '{"action":"user_deleted","actor_id":"00000000-0000-0000-0000-000000000000","actor_username":"service_role","actor_via_sso":false,"log_type":"team","traits":{"user_email":"test-logistics-1774556114550@example.com","user_id":"474c4c89-f30d-450e-9c60-badfbdcbaec4","user_phone":""}}', '2026-03-26 20:15:31.021093+00', ''),
	('00000000-0000-0000-0000-000000000000', 'e7139092-2c01-4877-a0e4-c6fe5841ab44', '{"action":"user_deleted","actor_id":"00000000-0000-0000-0000-000000000000","actor_username":"service_role","actor_via_sso":false,"log_type":"team","traits":{"user_email":"test-logistics-1774556113863@example.com","user_id":"b3104bad-c82b-4d70-ad97-139c7610ac37","user_phone":""}}', '2026-03-26 20:15:31.039412+00', ''),
	('00000000-0000-0000-0000-000000000000', 'd05d45a5-f03e-48ab-9dda-f1887da1bca9', '{"action":"user_deleted","actor_id":"00000000-0000-0000-0000-000000000000","actor_username":"service_role","actor_via_sso":false,"log_type":"team","traits":{"user_email":"test-logistics-1774556113193@example.com","user_id":"b1ee6125-14d5-4699-9c45-bd8c25df92da","user_phone":""}}', '2026-03-26 20:15:31.059806+00', ''),
	('00000000-0000-0000-0000-000000000000', 'fefe36a0-0a0c-4cd1-8b4c-3797bb1beb52', '{"action":"user_signedup","actor_id":"00000000-0000-0000-0000-000000000000","actor_username":"service_role","actor_via_sso":false,"log_type":"team","traits":{"provider":"email","user_email":"test-logistics-1774557069611@example.com","user_id":"eb15674c-aef5-4ac8-85a4-a37549419a1d","user_phone":""}}', '2026-03-26 20:31:09.691232+00', ''),
	('00000000-0000-0000-0000-000000000000', '68900ad0-30e7-4447-83a6-c27ca85a33a4', '{"action":"user_signedup","actor_id":"00000000-0000-0000-0000-000000000000","actor_username":"service_role","actor_via_sso":false,"log_type":"team","traits":{"provider":"email","user_email":"test-logistics-1774557070280@example.com","user_id":"2574d271-530c-466a-90d6-cee93feee55b","user_phone":""}}', '2026-03-26 20:31:10.352332+00', ''),
	('00000000-0000-0000-0000-000000000000', '2ad328f5-1028-4a29-9ffe-bd679515a687', '{"action":"user_signedup","actor_id":"00000000-0000-0000-0000-000000000000","actor_username":"service_role","actor_via_sso":false,"log_type":"team","traits":{"provider":"email","user_email":"test-logistics-1774557070925@example.com","user_id":"04f23a96-1210-48d6-8f32-e23c309a2b51","user_phone":""}}', '2026-03-26 20:31:11.002865+00', ''),
	('00000000-0000-0000-0000-000000000000', '512d515c-542b-49c1-b9d6-b3518db5113d', '{"action":"user_signedup","actor_id":"00000000-0000-0000-0000-000000000000","actor_username":"service_role","actor_via_sso":false,"log_type":"team","traits":{"provider":"email","user_email":"test-logistics-1774557071574@example.com","user_id":"d161b43b-1d0a-4e15-ae5a-d1080dfa6879","user_phone":""}}', '2026-03-26 20:31:11.654854+00', ''),
	('00000000-0000-0000-0000-000000000000', '1e31737f-17be-4564-ad48-b46c5d2a8caf', '{"action":"user_signedup","actor_id":"00000000-0000-0000-0000-000000000000","actor_username":"service_role","actor_via_sso":false,"log_type":"team","traits":{"provider":"email","user_email":"test-logistics-1774557072227@example.com","user_id":"fe8da4c5-9504-421d-9946-4c57c5d5eaea","user_phone":""}}', '2026-03-26 20:31:12.305471+00', ''),
	('00000000-0000-0000-0000-000000000000', '57429086-c1bd-44b2-9be2-641d17ee2e2d', '{"action":"user_signedup","actor_id":"00000000-0000-0000-0000-000000000000","actor_username":"service_role","actor_via_sso":false,"log_type":"team","traits":{"provider":"email","user_email":"test-logistics-1774557072872@example.com","user_id":"86fd3c8a-6dbe-4221-a2bf-ca4bb8502fc6","user_phone":""}}', '2026-03-26 20:31:12.949419+00', ''),
	('00000000-0000-0000-0000-000000000000', '332bfcad-ce45-4fc2-a782-48076385a89c', '{"action":"user_signedup","actor_id":"00000000-0000-0000-0000-000000000000","actor_username":"service_role","actor_via_sso":false,"log_type":"team","traits":{"provider":"email","user_email":"test-logistics-1774557073523@example.com","user_id":"425f3434-fc35-4efa-bc46-db133aa715c3","user_phone":""}}', '2026-03-26 20:31:13.60186+00', ''),
	('00000000-0000-0000-0000-000000000000', 'e71dd40a-506a-4dde-892c-7310853e71e7', '{"action":"user_signedup","actor_id":"00000000-0000-0000-0000-000000000000","actor_username":"service_role","actor_via_sso":false,"log_type":"team","traits":{"provider":"email","user_email":"test-logistics-1774557074175@example.com","user_id":"c1b0ab2f-9732-4f38-85b9-a1eb5f3855ff","user_phone":""}}', '2026-03-26 20:31:14.261809+00', ''),
	('00000000-0000-0000-0000-000000000000', 'a272016f-db4b-4e34-8a33-0c31c4159e10', '{"action":"user_signedup","actor_id":"00000000-0000-0000-0000-000000000000","actor_username":"service_role","actor_via_sso":false,"log_type":"team","traits":{"provider":"email","user_email":"test-logistics-1774557074847@example.com","user_id":"1e9e8b48-c0aa-4999-9527-8f7a9a6572bc","user_phone":""}}', '2026-03-26 20:31:14.912566+00', ''),
	('00000000-0000-0000-0000-000000000000', '557f1196-1448-40d3-ad55-b68890d30358', '{"action":"user_signedup","actor_id":"00000000-0000-0000-0000-000000000000","actor_username":"service_role","actor_via_sso":false,"log_type":"team","traits":{"provider":"email","user_email":"test-logistics-1774557075471@example.com","user_id":"2fce2847-d9ab-4575-b589-6f059e411c6e","user_phone":""}}', '2026-03-26 20:31:15.54937+00', ''),
	('00000000-0000-0000-0000-000000000000', 'f6c6c3e6-5be1-4420-a2c1-ee681cab00d0', '{"action":"user_signedup","actor_id":"00000000-0000-0000-0000-000000000000","actor_username":"service_role","actor_via_sso":false,"log_type":"team","traits":{"provider":"email","user_email":"test-logistics-1774557076136@example.com","user_id":"1feec6b7-8f73-4eb6-bd25-358197d12350","user_phone":""}}', '2026-03-26 20:31:16.217961+00', ''),
	('00000000-0000-0000-0000-000000000000', '47ab2d45-1449-4c73-a326-2fceeff1de6b', '{"action":"user_signedup","actor_id":"00000000-0000-0000-0000-000000000000","actor_username":"service_role","actor_via_sso":false,"log_type":"team","traits":{"provider":"email","user_email":"test-logistics-1774557076789@example.com","user_id":"1263ad23-c2f4-4df7-8661-a5a214cf97de","user_phone":""}}', '2026-03-26 20:31:16.880168+00', ''),
	('00000000-0000-0000-0000-000000000000', '25c36301-a374-43bc-be5e-fed84621e149', '{"action":"user_signedup","actor_id":"00000000-0000-0000-0000-000000000000","actor_username":"service_role","actor_via_sso":false,"log_type":"team","traits":{"provider":"email","user_email":"test-logistics-1774557077477@example.com","user_id":"504c6c8b-949b-4a1b-ba26-15db64b03daa","user_phone":""}}', '2026-03-26 20:31:17.568952+00', ''),
	('00000000-0000-0000-0000-000000000000', 'ff2d332b-cbaa-4731-99d8-e425ed328952', '{"action":"user_signedup","actor_id":"00000000-0000-0000-0000-000000000000","actor_username":"service_role","actor_via_sso":false,"log_type":"team","traits":{"provider":"email","user_email":"test-logistics-1774557078119@example.com","user_id":"c9cffef6-4a4d-4841-83d3-b29d5bc4d1c9","user_phone":""}}', '2026-03-26 20:31:18.212655+00', ''),
	('00000000-0000-0000-0000-000000000000', '2675df78-e678-4d58-92bf-c520ed111c36', '{"action":"login","actor_id":"0bcd275e-9ece-423b-862b-62f61c37a424","actor_username":"admin@brickshare.test","actor_via_sso":false,"log_type":"account","traits":{"provider":"email"}}', '2026-03-27 07:36:02.300708+00', ''),
	('00000000-0000-0000-0000-000000000000', '2ec4a133-7e8f-4ea4-a214-cec20e676590', '{"action":"user_signedup","actor_id":"00000000-0000-0000-0000-000000000000","actor_username":"service_role","actor_via_sso":false,"log_type":"team","traits":{"provider":"email","user_email":"test-logistics-1774557078735@example.com","user_id":"a1d66fc0-1e93-40d2-af8d-adae01d94d48","user_phone":""}}', '2026-03-26 20:31:18.827445+00', ''),
	('00000000-0000-0000-0000-000000000000', 'c7a1afa1-90d1-488c-968f-e6f2b920907b', '{"action":"user_signedup","actor_id":"00000000-0000-0000-0000-000000000000","actor_username":"service_role","actor_via_sso":false,"log_type":"team","traits":{"provider":"email","user_email":"test-logistics-1774557079357@example.com","user_id":"9e2adc09-436c-455d-9002-34f171ae423c","user_phone":""}}', '2026-03-26 20:31:19.430587+00', ''),
	('00000000-0000-0000-0000-000000000000', 'd024425f-59c0-451b-bfd3-c442dacdf121', '{"action":"user_signedup","actor_id":"00000000-0000-0000-0000-000000000000","actor_username":"service_role","actor_via_sso":false,"log_type":"team","traits":{"provider":"email","user_email":"test-payment-1774557079955@example.com","user_id":"92cebc78-1d5b-4856-9065-72c37cfbf30b","user_phone":""}}', '2026-03-26 20:31:20.032653+00', ''),
	('00000000-0000-0000-0000-000000000000', 'f65c8710-a121-4eba-b9af-6c5fd6522d02', '{"action":"user_signedup","actor_id":"00000000-0000-0000-0000-000000000000","actor_username":"service_role","actor_via_sso":false,"log_type":"team","traits":{"provider":"email","user_email":"test-payment-1774557080581@example.com","user_id":"2fcd9288-6d4c-4989-9229-492c37a5ac8e","user_phone":""}}', '2026-03-26 20:31:20.673237+00', ''),
	('00000000-0000-0000-0000-000000000000', '4bd47893-fe27-4c73-8d8e-6fa3b12a6b9a', '{"action":"user_signedup","actor_id":"00000000-0000-0000-0000-000000000000","actor_username":"service_role","actor_via_sso":false,"log_type":"team","traits":{"provider":"email","user_email":"test-payment-1774557081231@example.com","user_id":"c5f5a2db-9943-48ee-9da1-074f5c424cde","user_phone":""}}', '2026-03-26 20:31:21.322871+00', ''),
	('00000000-0000-0000-0000-000000000000', '0a546d01-68ca-456c-8b6e-b3d4fa60cd21', '{"action":"user_signedup","actor_id":"00000000-0000-0000-0000-000000000000","actor_username":"service_role","actor_via_sso":false,"log_type":"team","traits":{"provider":"email","user_email":"test-payment-1774557081888@example.com","user_id":"986f88ef-68be-431e-bd6f-f6368fc28fc6","user_phone":""}}', '2026-03-26 20:31:21.978982+00', ''),
	('00000000-0000-0000-0000-000000000000', '655c7ef5-fbad-4087-bd05-2a96ed60486a', '{"action":"user_signedup","actor_id":"00000000-0000-0000-0000-000000000000","actor_username":"service_role","actor_via_sso":false,"log_type":"team","traits":{"provider":"email","user_email":"test-payment-1774557082611@example.com","user_id":"5dc786f1-08a7-49b7-bb5b-1625fcc1e8cf","user_phone":""}}', '2026-03-26 20:31:22.70244+00', ''),
	('00000000-0000-0000-0000-000000000000', '9dd0d29b-d7d9-44e7-9be1-af8cde2f2bbd', '{"action":"user_signedup","actor_id":"00000000-0000-0000-0000-000000000000","actor_username":"service_role","actor_via_sso":false,"log_type":"team","traits":{"provider":"email","user_email":"test-payment-1774557083256@example.com","user_id":"6f91440e-f2b2-4834-9f27-368e791c9a26","user_phone":""}}', '2026-03-26 20:31:23.346989+00', ''),
	('00000000-0000-0000-0000-000000000000', 'd1576010-ee11-448f-90a6-c18e666f5520', '{"action":"user_signedup","actor_id":"00000000-0000-0000-0000-000000000000","actor_username":"service_role","actor_via_sso":false,"log_type":"team","traits":{"provider":"email","user_email":"test-payment-1774557083891@example.com","user_id":"f3a3688b-e670-4f56-b78a-6b279d9100a8","user_phone":""}}', '2026-03-26 20:31:23.984719+00', ''),
	('00000000-0000-0000-0000-000000000000', '461a28e4-8da2-479d-99fc-d34b536bf5f3', '{"action":"user_signedup","actor_id":"00000000-0000-0000-0000-000000000000","actor_username":"service_role","actor_via_sso":false,"log_type":"team","traits":{"provider":"email","user_email":"test-payment-1774557084541@example.com","user_id":"e0e14996-21db-41ba-bb41-c762a37532ba","user_phone":""}}', '2026-03-26 20:31:24.637076+00', ''),
	('00000000-0000-0000-0000-000000000000', '78ddf947-299c-4479-8cb0-9cbc570445dc', '{"action":"user_signedup","actor_id":"00000000-0000-0000-0000-000000000000","actor_username":"service_role","actor_via_sso":false,"log_type":"team","traits":{"provider":"email","user_email":"test-payment-1774557085196@example.com","user_id":"b13dfbe4-e913-41b4-86cb-5a3191ba5656","user_phone":""}}', '2026-03-26 20:31:25.28582+00', ''),
	('00000000-0000-0000-0000-000000000000', '4a549f59-928a-444d-9153-a7eacaa9dc8f', '{"action":"user_deleted","actor_id":"00000000-0000-0000-0000-000000000000","actor_username":"service_role","actor_via_sso":false,"log_type":"team","traits":{"user_email":"test-payment-1774557085196@example.com","user_id":"b13dfbe4-e913-41b4-86cb-5a3191ba5656","user_phone":""}}', '2026-03-26 20:31:26.660887+00', ''),
	('00000000-0000-0000-0000-000000000000', '82ce1bcd-8c55-434c-a5aa-9167206f58c0', '{"action":"user_deleted","actor_id":"00000000-0000-0000-0000-000000000000","actor_username":"service_role","actor_via_sso":false,"log_type":"team","traits":{"user_email":"test-payment-1774557084541@example.com","user_id":"e0e14996-21db-41ba-bb41-c762a37532ba","user_phone":""}}', '2026-03-26 20:31:26.680962+00', ''),
	('00000000-0000-0000-0000-000000000000', '569d867e-a91e-4016-abc7-838774ba0447', '{"action":"user_deleted","actor_id":"00000000-0000-0000-0000-000000000000","actor_username":"service_role","actor_via_sso":false,"log_type":"team","traits":{"user_email":"test-payment-1774557083891@example.com","user_id":"f3a3688b-e670-4f56-b78a-6b279d9100a8","user_phone":""}}', '2026-03-26 20:31:26.700492+00', ''),
	('00000000-0000-0000-0000-000000000000', '4bfeb188-de32-4bd2-93d6-96a9caa4b1c2', '{"action":"user_deleted","actor_id":"00000000-0000-0000-0000-000000000000","actor_username":"service_role","actor_via_sso":false,"log_type":"team","traits":{"user_email":"test-payment-1774557083256@example.com","user_id":"6f91440e-f2b2-4834-9f27-368e791c9a26","user_phone":""}}', '2026-03-26 20:31:26.71915+00', ''),
	('00000000-0000-0000-0000-000000000000', '670e4138-dabe-4363-a5b4-613307df0790', '{"action":"user_deleted","actor_id":"00000000-0000-0000-0000-000000000000","actor_username":"service_role","actor_via_sso":false,"log_type":"team","traits":{"user_email":"test-payment-1774557082611@example.com","user_id":"5dc786f1-08a7-49b7-bb5b-1625fcc1e8cf","user_phone":""}}', '2026-03-26 20:31:26.739953+00', ''),
	('00000000-0000-0000-0000-000000000000', '62fb1fb5-b575-4830-8b60-a9b598e1581b', '{"action":"user_deleted","actor_id":"00000000-0000-0000-0000-000000000000","actor_username":"service_role","actor_via_sso":false,"log_type":"team","traits":{"user_email":"test-payment-1774557081888@example.com","user_id":"986f88ef-68be-431e-bd6f-f6368fc28fc6","user_phone":""}}', '2026-03-26 20:31:26.761645+00', ''),
	('00000000-0000-0000-0000-000000000000', '4d8b59ef-df9d-4caa-8e2a-c75bd359ccff', '{"action":"user_deleted","actor_id":"00000000-0000-0000-0000-000000000000","actor_username":"service_role","actor_via_sso":false,"log_type":"team","traits":{"user_email":"test-payment-1774557081231@example.com","user_id":"c5f5a2db-9943-48ee-9da1-074f5c424cde","user_phone":""}}', '2026-03-26 20:31:26.784108+00', ''),
	('00000000-0000-0000-0000-000000000000', '2a930c33-a63c-4396-979f-65506b1a4853', '{"action":"user_deleted","actor_id":"00000000-0000-0000-0000-000000000000","actor_username":"service_role","actor_via_sso":false,"log_type":"team","traits":{"user_email":"test-payment-1774557080581@example.com","user_id":"2fcd9288-6d4c-4989-9229-492c37a5ac8e","user_phone":""}}', '2026-03-26 20:31:26.805724+00', ''),
	('00000000-0000-0000-0000-000000000000', '70597a12-b373-4360-96a2-9c8e100f4600', '{"action":"user_deleted","actor_id":"00000000-0000-0000-0000-000000000000","actor_username":"service_role","actor_via_sso":false,"log_type":"team","traits":{"user_email":"test-payment-1774557079955@example.com","user_id":"92cebc78-1d5b-4856-9065-72c37cfbf30b","user_phone":""}}', '2026-03-26 20:31:26.825398+00', ''),
	('00000000-0000-0000-0000-000000000000', 'ba6ecf63-99ec-452e-a862-7e2a948ab050', '{"action":"user_deleted","actor_id":"00000000-0000-0000-0000-000000000000","actor_username":"service_role","actor_via_sso":false,"log_type":"team","traits":{"user_email":"test-logistics-1774557079357@example.com","user_id":"9e2adc09-436c-455d-9002-34f171ae423c","user_phone":""}}', '2026-03-26 20:31:26.842376+00', ''),
	('00000000-0000-0000-0000-000000000000', '22748f33-a375-49ac-9404-c528bfee254b', '{"action":"login","actor_id":"0bcd275e-9ece-423b-862b-62f61c37a424","actor_username":"admin@brickshare.test","actor_via_sso":false,"log_type":"account","traits":{"provider":"email"}}', '2026-03-27 07:36:16.860985+00', ''),
	('00000000-0000-0000-0000-000000000000', 'c5ce1d5b-28d3-4bbf-be5e-5cbb7b5d92bd', '{"action":"user_deleted","actor_id":"00000000-0000-0000-0000-000000000000","actor_username":"service_role","actor_via_sso":false,"log_type":"team","traits":{"user_email":"test-logistics-1774557078735@example.com","user_id":"a1d66fc0-1e93-40d2-af8d-adae01d94d48","user_phone":""}}', '2026-03-26 20:31:26.860112+00', ''),
	('00000000-0000-0000-0000-000000000000', '5709227a-f033-4091-aa80-b0e137726a45', '{"action":"user_deleted","actor_id":"00000000-0000-0000-0000-000000000000","actor_username":"service_role","actor_via_sso":false,"log_type":"team","traits":{"user_email":"test-logistics-1774557078119@example.com","user_id":"c9cffef6-4a4d-4841-83d3-b29d5bc4d1c9","user_phone":""}}', '2026-03-26 20:31:26.875367+00', ''),
	('00000000-0000-0000-0000-000000000000', '0b516b6d-1de6-4c4b-847e-686309815bb6', '{"action":"user_deleted","actor_id":"00000000-0000-0000-0000-000000000000","actor_username":"service_role","actor_via_sso":false,"log_type":"team","traits":{"user_email":"test-logistics-1774557077477@example.com","user_id":"504c6c8b-949b-4a1b-ba26-15db64b03daa","user_phone":""}}', '2026-03-26 20:31:26.890834+00', ''),
	('00000000-0000-0000-0000-000000000000', 'd9c33219-1a3f-4a48-b132-01cb4f2e1a98', '{"action":"user_deleted","actor_id":"00000000-0000-0000-0000-000000000000","actor_username":"service_role","actor_via_sso":false,"log_type":"team","traits":{"user_email":"test-logistics-1774557076789@example.com","user_id":"1263ad23-c2f4-4df7-8661-a5a214cf97de","user_phone":""}}', '2026-03-26 20:31:26.905696+00', ''),
	('00000000-0000-0000-0000-000000000000', '3516f39c-8176-4a39-8771-a5ddde9290dc', '{"action":"user_deleted","actor_id":"00000000-0000-0000-0000-000000000000","actor_username":"service_role","actor_via_sso":false,"log_type":"team","traits":{"user_email":"test-logistics-1774557076136@example.com","user_id":"1feec6b7-8f73-4eb6-bd25-358197d12350","user_phone":""}}', '2026-03-26 20:31:26.921306+00', ''),
	('00000000-0000-0000-0000-000000000000', '34c7ec29-5085-4cb2-ab63-f3cbfa37c03b', '{"action":"user_deleted","actor_id":"00000000-0000-0000-0000-000000000000","actor_username":"service_role","actor_via_sso":false,"log_type":"team","traits":{"user_email":"test-logistics-1774557075471@example.com","user_id":"2fce2847-d9ab-4575-b589-6f059e411c6e","user_phone":""}}', '2026-03-26 20:31:26.93616+00', ''),
	('00000000-0000-0000-0000-000000000000', 'fa83bb1b-e290-4999-a36c-564909b9c083', '{"action":"user_deleted","actor_id":"00000000-0000-0000-0000-000000000000","actor_username":"service_role","actor_via_sso":false,"log_type":"team","traits":{"user_email":"test-logistics-1774557074847@example.com","user_id":"1e9e8b48-c0aa-4999-9527-8f7a9a6572bc","user_phone":""}}', '2026-03-26 20:31:26.950828+00', ''),
	('00000000-0000-0000-0000-000000000000', 'b0a9a2bf-0a7c-459f-81e9-642b47cdf83f', '{"action":"user_deleted","actor_id":"00000000-0000-0000-0000-000000000000","actor_username":"service_role","actor_via_sso":false,"log_type":"team","traits":{"user_email":"test-logistics-1774557074175@example.com","user_id":"c1b0ab2f-9732-4f38-85b9-a1eb5f3855ff","user_phone":""}}', '2026-03-26 20:31:26.966008+00', ''),
	('00000000-0000-0000-0000-000000000000', '9fd41b91-f974-41ce-b31c-80d6dbc8ab29', '{"action":"user_deleted","actor_id":"00000000-0000-0000-0000-000000000000","actor_username":"service_role","actor_via_sso":false,"log_type":"team","traits":{"user_email":"test-logistics-1774557073523@example.com","user_id":"425f3434-fc35-4efa-bc46-db133aa715c3","user_phone":""}}', '2026-03-26 20:31:26.982032+00', ''),
	('00000000-0000-0000-0000-000000000000', '9fafc078-40a7-4ba6-8fbd-26658f2eabda', '{"action":"user_deleted","actor_id":"00000000-0000-0000-0000-000000000000","actor_username":"service_role","actor_via_sso":false,"log_type":"team","traits":{"user_email":"test-logistics-1774557072872@example.com","user_id":"86fd3c8a-6dbe-4221-a2bf-ca4bb8502fc6","user_phone":""}}', '2026-03-26 20:31:26.997738+00', ''),
	('00000000-0000-0000-0000-000000000000', 'd392ad4b-01f2-4d55-bd63-c419be8a72a1', '{"action":"user_deleted","actor_id":"00000000-0000-0000-0000-000000000000","actor_username":"service_role","actor_via_sso":false,"log_type":"team","traits":{"user_email":"test-logistics-1774557072227@example.com","user_id":"fe8da4c5-9504-421d-9946-4c57c5d5eaea","user_phone":""}}', '2026-03-26 20:31:27.012623+00', ''),
	('00000000-0000-0000-0000-000000000000', 'fdf3a5c3-6bbb-4522-8dea-3211b05e9048', '{"action":"user_deleted","actor_id":"00000000-0000-0000-0000-000000000000","actor_username":"service_role","actor_via_sso":false,"log_type":"team","traits":{"user_email":"test-logistics-1774557071574@example.com","user_id":"d161b43b-1d0a-4e15-ae5a-d1080dfa6879","user_phone":""}}', '2026-03-26 20:31:27.027379+00', ''),
	('00000000-0000-0000-0000-000000000000', '7e226612-e1af-4b45-92aa-40572facb819', '{"action":"user_deleted","actor_id":"00000000-0000-0000-0000-000000000000","actor_username":"service_role","actor_via_sso":false,"log_type":"team","traits":{"user_email":"test-logistics-1774557070925@example.com","user_id":"04f23a96-1210-48d6-8f32-e23c309a2b51","user_phone":""}}', '2026-03-26 20:31:27.043226+00', ''),
	('00000000-0000-0000-0000-000000000000', 'fbc28794-bec1-448d-b0d8-fda34842c6d8', '{"action":"user_deleted","actor_id":"00000000-0000-0000-0000-000000000000","actor_username":"service_role","actor_via_sso":false,"log_type":"team","traits":{"user_email":"test-logistics-1774557070280@example.com","user_id":"2574d271-530c-466a-90d6-cee93feee55b","user_phone":""}}', '2026-03-26 20:31:27.057977+00', ''),
	('00000000-0000-0000-0000-000000000000', '9f8938cd-a188-41b9-9d0f-e3aea7c80720', '{"action":"user_deleted","actor_id":"00000000-0000-0000-0000-000000000000","actor_username":"service_role","actor_via_sso":false,"log_type":"team","traits":{"user_email":"test-logistics-1774557069611@example.com","user_id":"eb15674c-aef5-4ac8-85a4-a37549419a1d","user_phone":""}}', '2026-03-26 20:31:27.073122+00', ''),
	('00000000-0000-0000-0000-000000000000', '388e5275-ccee-44ba-affe-ddc4ab70c57c', '{"action":"user_signedup","actor_id":"00000000-0000-0000-0000-000000000000","actor_username":"service_role","actor_via_sso":false,"log_type":"team","traits":{"provider":"email","user_email":"test-logistics-1774560782695@example.com","user_id":"b35961e7-45c3-442e-ab67-b792d5194f0d","user_phone":""}}', '2026-03-26 21:33:02.775621+00', ''),
	('00000000-0000-0000-0000-000000000000', '71596b2e-2345-4413-9eac-5ba81000c919', '{"action":"user_signedup","actor_id":"00000000-0000-0000-0000-000000000000","actor_username":"service_role","actor_via_sso":false,"log_type":"team","traits":{"provider":"email","user_email":"test-logistics-1774560783323@example.com","user_id":"84042481-ea44-4799-b787-72186520fbc1","user_phone":""}}', '2026-03-26 21:33:03.414902+00', ''),
	('00000000-0000-0000-0000-000000000000', '2dca8b2e-593f-4598-a150-7ebb81b8e23b', '{"action":"user_signedup","actor_id":"00000000-0000-0000-0000-000000000000","actor_username":"service_role","actor_via_sso":false,"log_type":"team","traits":{"provider":"email","user_email":"test-logistics-1774560783963@example.com","user_id":"cd128ce1-802f-4d68-9eb7-d7eae9d0fcc7","user_phone":""}}', '2026-03-26 21:33:04.045865+00', ''),
	('00000000-0000-0000-0000-000000000000', '0b48d015-3e9a-45fa-baad-1558ee240a33', '{"action":"user_signedup","actor_id":"00000000-0000-0000-0000-000000000000","actor_username":"service_role","actor_via_sso":false,"log_type":"team","traits":{"provider":"email","user_email":"test-logistics-1774560784592@example.com","user_id":"29047965-a2ea-45fb-8aaa-c842ebf73992","user_phone":""}}', '2026-03-26 21:33:04.685682+00', ''),
	('00000000-0000-0000-0000-000000000000', 'db89d36d-9c5f-48e3-a7e4-d3c888de3240', '{"action":"user_signedup","actor_id":"00000000-0000-0000-0000-000000000000","actor_username":"service_role","actor_via_sso":false,"log_type":"team","traits":{"provider":"email","user_email":"test-logistics-1774560785234@example.com","user_id":"024f326c-51d8-4849-8877-32b93294f7cc","user_phone":""}}', '2026-03-26 21:33:05.325707+00', ''),
	('00000000-0000-0000-0000-000000000000', '6b6ce38a-f6f3-4db1-8355-d26882928327', '{"action":"user_signedup","actor_id":"00000000-0000-0000-0000-000000000000","actor_username":"service_role","actor_via_sso":false,"log_type":"team","traits":{"provider":"email","user_email":"test-logistics-1774560785873@example.com","user_id":"ea6ee07d-4924-462d-ae49-eeb1aa63c259","user_phone":""}}', '2026-03-26 21:33:05.965576+00', ''),
	('00000000-0000-0000-0000-000000000000', '306bcd0b-c82e-488e-9f75-25268477993d', '{"action":"user_signedup","actor_id":"00000000-0000-0000-0000-000000000000","actor_username":"service_role","actor_via_sso":false,"log_type":"team","traits":{"provider":"email","user_email":"test-logistics-1774560786512@example.com","user_id":"dcbd2456-8b82-465e-b3ed-39a4d9d3a9d2","user_phone":""}}', '2026-03-26 21:33:06.60505+00', ''),
	('00000000-0000-0000-0000-000000000000', 'd194c4e2-0c1a-4e46-8192-3ad168b4b65f', '{"action":"user_signedup","actor_id":"00000000-0000-0000-0000-000000000000","actor_username":"service_role","actor_via_sso":false,"log_type":"team","traits":{"provider":"email","user_email":"test-logistics-1774560787130@example.com","user_id":"a8b92689-3809-4555-b193-dfe927a86fae","user_phone":""}}', '2026-03-26 21:33:07.221175+00', ''),
	('00000000-0000-0000-0000-000000000000', 'ff24b7d8-9511-44a4-9af0-3506dfdbc27e', '{"action":"user_signedup","actor_id":"00000000-0000-0000-0000-000000000000","actor_username":"service_role","actor_via_sso":false,"log_type":"team","traits":{"provider":"email","user_email":"test-logistics-1774560787761@example.com","user_id":"afc7287e-5649-4e2e-9532-9cdb4820127d","user_phone":""}}', '2026-03-26 21:33:07.850607+00', ''),
	('00000000-0000-0000-0000-000000000000', '66aa1d3f-1511-4a0c-a6c7-c809e7a935d5', '{"action":"user_signedup","actor_id":"00000000-0000-0000-0000-000000000000","actor_username":"service_role","actor_via_sso":false,"log_type":"team","traits":{"provider":"email","user_email":"test-logistics-1774560788397@example.com","user_id":"a636620d-ff5a-4e5e-baf8-5b9f2aee1c71","user_phone":""}}', '2026-03-26 21:33:08.489487+00', ''),
	('00000000-0000-0000-0000-000000000000', '8db01ca5-2fe0-4aa8-bb9c-07140b821a8c', '{"action":"user_signedup","actor_id":"00000000-0000-0000-0000-000000000000","actor_username":"service_role","actor_via_sso":false,"log_type":"team","traits":{"provider":"email","user_email":"test-logistics-1774560789032@example.com","user_id":"126510d0-752f-4704-91ba-864c63d495ee","user_phone":""}}', '2026-03-26 21:33:09.124094+00', ''),
	('00000000-0000-0000-0000-000000000000', 'b6653149-9c22-48a8-bbc0-371a149ea78d', '{"action":"user_signedup","actor_id":"00000000-0000-0000-0000-000000000000","actor_username":"service_role","actor_via_sso":false,"log_type":"team","traits":{"provider":"email","user_email":"test-logistics-1774560789666@example.com","user_id":"0343cc0a-6aa4-4579-ba2f-ba4d029645ce","user_phone":""}}', '2026-03-26 21:33:09.760928+00', ''),
	('00000000-0000-0000-0000-000000000000', 'a9c7d913-368b-4378-a17e-d8fae8279f20', '{"action":"user_signedup","actor_id":"00000000-0000-0000-0000-000000000000","actor_username":"service_role","actor_via_sso":false,"log_type":"team","traits":{"provider":"email","user_email":"test-logistics-1774560790315@example.com","user_id":"0d0747d7-cc50-4f78-9339-75458a458bd5","user_phone":""}}', '2026-03-26 21:33:10.406198+00', ''),
	('00000000-0000-0000-0000-000000000000', 'b3a77ad3-446c-43ff-bb36-6882513d81a6', '{"action":"user_signedup","actor_id":"00000000-0000-0000-0000-000000000000","actor_username":"service_role","actor_via_sso":false,"log_type":"team","traits":{"provider":"email","user_email":"test-logistics-1774560790947@example.com","user_id":"24482d6c-586a-444f-b1dd-a9599f502942","user_phone":""}}', '2026-03-26 21:33:11.039926+00', ''),
	('00000000-0000-0000-0000-000000000000', '5015874a-5426-4fb7-8956-9d6e735d9a12', '{"action":"user_signedup","actor_id":"00000000-0000-0000-0000-000000000000","actor_username":"service_role","actor_via_sso":false,"log_type":"team","traits":{"provider":"email","user_email":"test-logistics-1774560791575@example.com","user_id":"fc87bee7-56c2-410d-9bfd-2fee93386c7b","user_phone":""}}', '2026-03-26 21:33:11.668081+00', ''),
	('00000000-0000-0000-0000-000000000000', 'db64c6a5-dd34-46f5-b57d-e6f8455a6abc', '{"action":"user_signedup","actor_id":"00000000-0000-0000-0000-000000000000","actor_username":"service_role","actor_via_sso":false,"log_type":"team","traits":{"provider":"email","user_email":"test-logistics-1774560792221@example.com","user_id":"271ee62c-4ca7-4d8c-a172-2f6e9e0a9ced","user_phone":""}}', '2026-03-26 21:33:12.312087+00', ''),
	('00000000-0000-0000-0000-000000000000', 'b4ade022-bc85-4165-85c1-85e7c2a11a83', '{"action":"user_signedup","actor_id":"00000000-0000-0000-0000-000000000000","actor_username":"service_role","actor_via_sso":false,"log_type":"team","traits":{"provider":"email","user_email":"test-payment-1774560792873@example.com","user_id":"97775627-de7f-4b0b-a38f-222d249d4168","user_phone":""}}', '2026-03-26 21:33:12.941044+00', ''),
	('00000000-0000-0000-0000-000000000000', 'c1e83c9c-b093-4e3d-a09f-469c93273d32', '{"action":"user_signedup","actor_id":"00000000-0000-0000-0000-000000000000","actor_username":"service_role","actor_via_sso":false,"log_type":"team","traits":{"provider":"email","user_email":"test-payment-1774560793442@example.com","user_id":"d4b88807-5644-4a1b-a1a6-d83c953150b9","user_phone":""}}', '2026-03-26 21:33:13.534546+00', ''),
	('00000000-0000-0000-0000-000000000000', 'ac40e832-df31-4200-b3e4-72510e73d537', '{"action":"user_signedup","actor_id":"00000000-0000-0000-0000-000000000000","actor_username":"service_role","actor_via_sso":false,"log_type":"team","traits":{"provider":"email","user_email":"test-payment-1774560794051@example.com","user_id":"882f1cbf-1479-437d-ae30-04f25f7f70e9","user_phone":""}}', '2026-03-26 21:33:14.143396+00', ''),
	('00000000-0000-0000-0000-000000000000', '818715db-25f4-4de3-bed8-9ca07b6edf00', '{"action":"user_signedup","actor_id":"00000000-0000-0000-0000-000000000000","actor_username":"service_role","actor_via_sso":false,"log_type":"team","traits":{"provider":"email","user_email":"test-payment-1774560794680@example.com","user_id":"b509dbbc-302c-4bbc-ac6a-be93ff546837","user_phone":""}}', '2026-03-26 21:33:14.760149+00', ''),
	('00000000-0000-0000-0000-000000000000', '9e73c71b-b7ce-44ce-9e57-9d8dbaa577f8', '{"action":"user_signedup","actor_id":"00000000-0000-0000-0000-000000000000","actor_username":"service_role","actor_via_sso":false,"log_type":"team","traits":{"provider":"email","user_email":"test-payment-1774560795299@example.com","user_id":"9f9e98c4-beb7-48a6-a9da-187bdb52ab6d","user_phone":""}}', '2026-03-26 21:33:15.393386+00', ''),
	('00000000-0000-0000-0000-000000000000', 'add59bfb-700a-46fe-8ba0-33480fbcd217', '{"action":"user_signedup","actor_id":"00000000-0000-0000-0000-000000000000","actor_username":"service_role","actor_via_sso":false,"log_type":"team","traits":{"provider":"email","user_email":"test-payment-1774560795932@example.com","user_id":"b3b182e6-12ac-4584-a780-616e614ea978","user_phone":""}}', '2026-03-26 21:33:16.02374+00', ''),
	('00000000-0000-0000-0000-000000000000', '225d481d-5ec5-4c0f-9c8d-615b5d55f5ff', '{"action":"user_signedup","actor_id":"00000000-0000-0000-0000-000000000000","actor_username":"service_role","actor_via_sso":false,"log_type":"team","traits":{"provider":"email","user_email":"test-payment-1774560796568@example.com","user_id":"a9029f32-9b2e-4c43-8c7c-cd609d5290f9","user_phone":""}}', '2026-03-26 21:33:16.658265+00', ''),
	('00000000-0000-0000-0000-000000000000', '84587ff4-35f3-4026-b6a2-133ba8adb1e8', '{"action":"user_signedup","actor_id":"00000000-0000-0000-0000-000000000000","actor_username":"service_role","actor_via_sso":false,"log_type":"team","traits":{"provider":"email","user_email":"test-payment-1774560797196@example.com","user_id":"062027ab-3652-40ce-96ec-e50aec059f3f","user_phone":""}}', '2026-03-26 21:33:17.285403+00', ''),
	('00000000-0000-0000-0000-000000000000', '45464052-70ac-40e6-b757-3686180149ca', '{"action":"user_signedup","actor_id":"00000000-0000-0000-0000-000000000000","actor_username":"service_role","actor_via_sso":false,"log_type":"team","traits":{"provider":"email","user_email":"test-payment-1774560797820@example.com","user_id":"7129672f-6720-4864-b129-0f4d1ddf6094","user_phone":""}}', '2026-03-26 21:33:17.912093+00', ''),
	('00000000-0000-0000-0000-000000000000', '044b5172-74a6-4c50-92b3-67ba94d88ac4', '{"action":"user_deleted","actor_id":"00000000-0000-0000-0000-000000000000","actor_username":"service_role","actor_via_sso":false,"log_type":"team","traits":{"user_email":"test-payment-1774560797820@example.com","user_id":"7129672f-6720-4864-b129-0f4d1ddf6094","user_phone":""}}', '2026-03-26 21:33:18.94198+00', ''),
	('00000000-0000-0000-0000-000000000000', 'ef5e9d4d-e34a-46f3-bb97-bd16fe20fdaf', '{"action":"user_deleted","actor_id":"00000000-0000-0000-0000-000000000000","actor_username":"service_role","actor_via_sso":false,"log_type":"team","traits":{"user_email":"test-payment-1774560797196@example.com","user_id":"062027ab-3652-40ce-96ec-e50aec059f3f","user_phone":""}}', '2026-03-26 21:33:18.957739+00', ''),
	('00000000-0000-0000-0000-000000000000', 'e64b4f26-8d1a-4721-8a47-6b2445be003d', '{"action":"user_deleted","actor_id":"00000000-0000-0000-0000-000000000000","actor_username":"service_role","actor_via_sso":false,"log_type":"team","traits":{"user_email":"test-payment-1774560796568@example.com","user_id":"a9029f32-9b2e-4c43-8c7c-cd609d5290f9","user_phone":""}}', '2026-03-26 21:33:18.974836+00', ''),
	('00000000-0000-0000-0000-000000000000', '9196cb3c-9b63-40f0-885e-8e7cc0fab742', '{"action":"user_deleted","actor_id":"00000000-0000-0000-0000-000000000000","actor_username":"service_role","actor_via_sso":false,"log_type":"team","traits":{"user_email":"test-payment-1774560795932@example.com","user_id":"b3b182e6-12ac-4584-a780-616e614ea978","user_phone":""}}', '2026-03-26 21:33:18.990397+00', ''),
	('00000000-0000-0000-0000-000000000000', '9e01193a-c166-4615-ad01-4b3ba802dc87', '{"action":"user_deleted","actor_id":"00000000-0000-0000-0000-000000000000","actor_username":"service_role","actor_via_sso":false,"log_type":"team","traits":{"user_email":"test-payment-1774560795299@example.com","user_id":"9f9e98c4-beb7-48a6-a9da-187bdb52ab6d","user_phone":""}}', '2026-03-26 21:33:19.005494+00', ''),
	('00000000-0000-0000-0000-000000000000', '24315fab-b105-4b89-814e-43898b0026ec', '{"action":"user_deleted","actor_id":"00000000-0000-0000-0000-000000000000","actor_username":"service_role","actor_via_sso":false,"log_type":"team","traits":{"user_email":"test-payment-1774560794680@example.com","user_id":"b509dbbc-302c-4bbc-ac6a-be93ff546837","user_phone":""}}', '2026-03-26 21:33:19.020934+00', ''),
	('00000000-0000-0000-0000-000000000000', '89dc1611-d54d-4041-a629-8f5c6eabf16d', '{"action":"user_deleted","actor_id":"00000000-0000-0000-0000-000000000000","actor_username":"service_role","actor_via_sso":false,"log_type":"team","traits":{"user_email":"test-payment-1774560794051@example.com","user_id":"882f1cbf-1479-437d-ae30-04f25f7f70e9","user_phone":""}}', '2026-03-26 21:33:19.037081+00', ''),
	('00000000-0000-0000-0000-000000000000', 'e1335d55-250e-47ed-9c39-dd4969c7d97c', '{"action":"user_deleted","actor_id":"00000000-0000-0000-0000-000000000000","actor_username":"service_role","actor_via_sso":false,"log_type":"team","traits":{"user_email":"test-payment-1774560793442@example.com","user_id":"d4b88807-5644-4a1b-a1a6-d83c953150b9","user_phone":""}}', '2026-03-26 21:33:19.052111+00', ''),
	('00000000-0000-0000-0000-000000000000', 'ebf5b7d8-6d96-41a3-ac02-f11832e1fe42', '{"action":"user_deleted","actor_id":"00000000-0000-0000-0000-000000000000","actor_username":"service_role","actor_via_sso":false,"log_type":"team","traits":{"user_email":"test-payment-1774560792873@example.com","user_id":"97775627-de7f-4b0b-a38f-222d249d4168","user_phone":""}}', '2026-03-26 21:33:19.0735+00', ''),
	('00000000-0000-0000-0000-000000000000', '94f8cd79-f53f-4478-9fba-6d6b665776ab', '{"action":"user_deleted","actor_id":"00000000-0000-0000-0000-000000000000","actor_username":"service_role","actor_via_sso":false,"log_type":"team","traits":{"user_email":"test-logistics-1774560792221@example.com","user_id":"271ee62c-4ca7-4d8c-a172-2f6e9e0a9ced","user_phone":""}}', '2026-03-26 21:33:19.089186+00', ''),
	('00000000-0000-0000-0000-000000000000', '864edcd8-4304-4b30-918e-33d102112145', '{"action":"user_deleted","actor_id":"00000000-0000-0000-0000-000000000000","actor_username":"service_role","actor_via_sso":false,"log_type":"team","traits":{"user_email":"test-logistics-1774560791575@example.com","user_id":"fc87bee7-56c2-410d-9bfd-2fee93386c7b","user_phone":""}}', '2026-03-26 21:33:19.105558+00', ''),
	('00000000-0000-0000-0000-000000000000', 'bfa0c0d4-7c3f-49d3-9753-e38381064548', '{"action":"user_deleted","actor_id":"00000000-0000-0000-0000-000000000000","actor_username":"service_role","actor_via_sso":false,"log_type":"team","traits":{"user_email":"test-logistics-1774560790947@example.com","user_id":"24482d6c-586a-444f-b1dd-a9599f502942","user_phone":""}}', '2026-03-26 21:33:19.120045+00', ''),
	('00000000-0000-0000-0000-000000000000', '55537c37-0cc9-4eb8-a55f-1d553145d178', '{"action":"user_deleted","actor_id":"00000000-0000-0000-0000-000000000000","actor_username":"service_role","actor_via_sso":false,"log_type":"team","traits":{"user_email":"test-logistics-1774560790315@example.com","user_id":"0d0747d7-cc50-4f78-9339-75458a458bd5","user_phone":""}}', '2026-03-26 21:33:19.135463+00', ''),
	('00000000-0000-0000-0000-000000000000', '48f270fe-c99d-4c73-99bb-a07c2d9f6cde', '{"action":"user_deleted","actor_id":"00000000-0000-0000-0000-000000000000","actor_username":"service_role","actor_via_sso":false,"log_type":"team","traits":{"user_email":"test-logistics-1774560789666@example.com","user_id":"0343cc0a-6aa4-4579-ba2f-ba4d029645ce","user_phone":""}}', '2026-03-26 21:33:19.152049+00', ''),
	('00000000-0000-0000-0000-000000000000', '2a94f77d-9c24-4cb1-bbda-2048e96639c2', '{"action":"user_deleted","actor_id":"00000000-0000-0000-0000-000000000000","actor_username":"service_role","actor_via_sso":false,"log_type":"team","traits":{"user_email":"test-logistics-1774560789032@example.com","user_id":"126510d0-752f-4704-91ba-864c63d495ee","user_phone":""}}', '2026-03-26 21:33:19.167061+00', ''),
	('00000000-0000-0000-0000-000000000000', '4e3457e1-5a13-40ca-9302-3de410442c9c', '{"action":"user_deleted","actor_id":"00000000-0000-0000-0000-000000000000","actor_username":"service_role","actor_via_sso":false,"log_type":"team","traits":{"user_email":"test-logistics-1774560788397@example.com","user_id":"a636620d-ff5a-4e5e-baf8-5b9f2aee1c71","user_phone":""}}', '2026-03-26 21:33:19.183156+00', ''),
	('00000000-0000-0000-0000-000000000000', '99c1eefb-f0ff-4000-9e14-b18f202b98d9', '{"action":"user_deleted","actor_id":"00000000-0000-0000-0000-000000000000","actor_username":"service_role","actor_via_sso":false,"log_type":"team","traits":{"user_email":"test-logistics-1774560787761@example.com","user_id":"afc7287e-5649-4e2e-9532-9cdb4820127d","user_phone":""}}', '2026-03-26 21:33:19.198464+00', ''),
	('00000000-0000-0000-0000-000000000000', 'bda11a36-02d9-4bf7-9077-dbc3df47a42c', '{"action":"user_deleted","actor_id":"00000000-0000-0000-0000-000000000000","actor_username":"service_role","actor_via_sso":false,"log_type":"team","traits":{"user_email":"test-logistics-1774560787130@example.com","user_id":"a8b92689-3809-4555-b193-dfe927a86fae","user_phone":""}}', '2026-03-26 21:33:19.213687+00', ''),
	('00000000-0000-0000-0000-000000000000', 'e259bd0d-be81-4939-8ad0-a0aff86b912c', '{"action":"user_deleted","actor_id":"00000000-0000-0000-0000-000000000000","actor_username":"service_role","actor_via_sso":false,"log_type":"team","traits":{"user_email":"test-logistics-1774560786512@example.com","user_id":"dcbd2456-8b82-465e-b3ed-39a4d9d3a9d2","user_phone":""}}', '2026-03-26 21:33:19.228469+00', ''),
	('00000000-0000-0000-0000-000000000000', '98aa340d-376a-415e-b932-576c82800c35', '{"action":"user_deleted","actor_id":"00000000-0000-0000-0000-000000000000","actor_username":"service_role","actor_via_sso":false,"log_type":"team","traits":{"user_email":"test-logistics-1774560785873@example.com","user_id":"ea6ee07d-4924-462d-ae49-eeb1aa63c259","user_phone":""}}', '2026-03-26 21:33:19.247435+00', ''),
	('00000000-0000-0000-0000-000000000000', 'd80dc4e6-173a-4668-947c-e296dde62d25', '{"action":"user_deleted","actor_id":"00000000-0000-0000-0000-000000000000","actor_username":"service_role","actor_via_sso":false,"log_type":"team","traits":{"user_email":"test-logistics-1774560785234@example.com","user_id":"024f326c-51d8-4849-8877-32b93294f7cc","user_phone":""}}', '2026-03-26 21:33:19.262891+00', ''),
	('00000000-0000-0000-0000-000000000000', 'e6670521-a52f-4d75-b920-c59e68e90d58', '{"action":"user_deleted","actor_id":"00000000-0000-0000-0000-000000000000","actor_username":"service_role","actor_via_sso":false,"log_type":"team","traits":{"user_email":"test-logistics-1774560784592@example.com","user_id":"29047965-a2ea-45fb-8aaa-c842ebf73992","user_phone":""}}', '2026-03-26 21:33:19.278323+00', ''),
	('00000000-0000-0000-0000-000000000000', '026668ca-980a-4e8c-bc94-25d0909c86c0', '{"action":"user_deleted","actor_id":"00000000-0000-0000-0000-000000000000","actor_username":"service_role","actor_via_sso":false,"log_type":"team","traits":{"user_email":"test-logistics-1774560783963@example.com","user_id":"cd128ce1-802f-4d68-9eb7-d7eae9d0fcc7","user_phone":""}}', '2026-03-26 21:33:19.292719+00', ''),
	('00000000-0000-0000-0000-000000000000', 'a5ecce4e-beb0-4f76-889a-ce6a32b17ae8', '{"action":"user_deleted","actor_id":"00000000-0000-0000-0000-000000000000","actor_username":"service_role","actor_via_sso":false,"log_type":"team","traits":{"user_email":"test-logistics-1774560783323@example.com","user_id":"84042481-ea44-4799-b787-72186520fbc1","user_phone":""}}', '2026-03-26 21:33:19.306183+00', ''),
	('00000000-0000-0000-0000-000000000000', '00010367-dbeb-4db2-a723-aacecc060444', '{"action":"user_deleted","actor_id":"00000000-0000-0000-0000-000000000000","actor_username":"service_role","actor_via_sso":false,"log_type":"team","traits":{"user_email":"test-logistics-1774560782695@example.com","user_id":"b35961e7-45c3-442e-ab67-b792d5194f0d","user_phone":""}}', '2026-03-26 21:33:19.320485+00', ''),
	('00000000-0000-0000-0000-000000000000', 'a437dc9d-fcb6-4dd1-8a28-f8a524c5772c', '{"action":"login","actor_id":"0bcd275e-9ece-423b-862b-62f61c37a424","actor_username":"admin@brickshare.test","actor_via_sso":false,"log_type":"account","traits":{"provider":"email"}}', '2026-03-27 07:36:40.475927+00', ''),
	('00000000-0000-0000-0000-000000000000', '6ca21648-574f-404f-a963-ff78f886b49d', '{"action":"login","actor_id":"0bcd275e-9ece-423b-862b-62f61c37a424","actor_username":"admin@brickshare.test","actor_via_sso":false,"log_type":"account","traits":{"provider":"email"}}', '2026-03-27 07:37:00.944942+00', ''),
	('00000000-0000-0000-0000-000000000000', 'ed409adc-9092-40f3-aa43-b7a6fc8b1ad5', '{"action":"user_signedup","actor_id":"00000000-0000-0000-0000-000000000000","actor_username":"service_role","actor_via_sso":false,"log_type":"team","traits":{"provider":"email","user_email":"enriqueperezbcn1973+test1@gmail.com","user_id":"b0803155-8a61-43aa-9325-95404ad32299","user_phone":""}}', '2026-03-27 07:37:14.155851+00', ''),
	('00000000-0000-0000-0000-000000000000', '9b96e062-d989-4f9d-90bc-399eb702b97e', '{"action":"user_signedup","actor_id":"00000000-0000-0000-0000-000000000000","actor_username":"service_role","actor_via_sso":false,"log_type":"team","traits":{"provider":"email","user_email":"enriqueperezbcn1973+test2@gmail.com","user_id":"9eb34490-0c10-4f38-88e2-719af614a1d6","user_phone":""}}', '2026-03-27 07:37:14.237153+00', ''),
	('00000000-0000-0000-0000-000000000000', '0a7cf4dc-1a6b-428a-9386-ba848e5de8b6', '{"action":"user_signedup","actor_id":"00000000-0000-0000-0000-000000000000","actor_username":"service_role","actor_via_sso":false,"log_type":"team","traits":{"provider":"email","user_email":"enriqueperezbcn1973+test3@gmail.com","user_id":"e27e3fa6-99ca-40e5-acd4-ef8909544d21","user_phone":""}}', '2026-03-27 07:37:14.306691+00', ''),
	('00000000-0000-0000-0000-000000000000', 'ec4c7a21-f940-4ecf-a4bf-5d04d82e7688', '{"action":"user_signedup","actor_id":"00000000-0000-0000-0000-000000000000","actor_username":"service_role","actor_via_sso":false,"log_type":"team","traits":{"provider":"email","user_email":"enriqueperezbcn1973+test4@gmail.com","user_id":"65a261db-df4d-4afd-babd-cd849c25b5c9","user_phone":""}}', '2026-03-27 07:37:14.377522+00', ''),
	('00000000-0000-0000-0000-000000000000', '840faee0-8683-4c61-af9f-38014fc98f3a', '{"action":"user_signedup","actor_id":"00000000-0000-0000-0000-000000000000","actor_username":"service_role","actor_via_sso":false,"log_type":"team","traits":{"provider":"email","user_email":"enriqueperezbcn1973+test5@gmail.com","user_id":"190861ef-fba5-4bd7-95b5-3d0e709b412e","user_phone":""}}', '2026-03-27 07:37:14.44744+00', ''),
	('00000000-0000-0000-0000-000000000000', 'b5571fc9-7902-4d26-a238-f53158f69282', '{"action":"login","actor_id":"0bcd275e-9ece-423b-862b-62f61c37a424","actor_username":"admin@brickshare.test","actor_via_sso":false,"log_type":"account","traits":{"provider":"email"}}', '2026-03-27 07:37:21.667868+00', ''),
	('00000000-0000-0000-0000-000000000000', 'f8090f77-e9b7-47db-9f6c-eb026767f820', '{"action":"login","actor_id":"0bcd275e-9ece-423b-862b-62f61c37a424","actor_username":"admin@brickshare.test","actor_via_sso":false,"log_type":"account","traits":{"provider":"email"}}', '2026-03-27 07:37:42.825303+00', ''),
	('00000000-0000-0000-0000-000000000000', 'f8bdcdf8-edf0-4090-a66f-897c76bbc6f1', '{"action":"login","actor_id":"0bcd275e-9ece-423b-862b-62f61c37a424","actor_username":"admin@brickshare.test","actor_via_sso":false,"log_type":"account","traits":{"provider":"email"}}', '2026-03-27 07:38:03.003365+00', ''),
	('00000000-0000-0000-0000-000000000000', '5fc02f71-1a99-4983-9d69-6aa24745e2f9', '{"action":"login","actor_id":"0bcd275e-9ece-423b-862b-62f61c37a424","actor_username":"admin@brickshare.test","actor_via_sso":false,"log_type":"account","traits":{"provider":"email"}}', '2026-03-27 07:38:22.768173+00', ''),
	('00000000-0000-0000-0000-000000000000', '5f960c73-1fe2-4ac9-a439-547f0fbad6e9', '{"action":"login","actor_id":"0bcd275e-9ece-423b-862b-62f61c37a424","actor_username":"admin@brickshare.test","actor_via_sso":false,"log_type":"account","traits":{"provider":"email"}}', '2026-03-27 07:38:38.004967+00', ''),
	('00000000-0000-0000-0000-000000000000', 'fcac89b2-8580-49b1-95cd-c96a88959f63', '{"action":"login","actor_id":"0bcd275e-9ece-423b-862b-62f61c37a424","actor_username":"admin@brickshare.test","actor_via_sso":false,"log_type":"account","traits":{"provider":"email"}}', '2026-03-27 07:38:54.362939+00', ''),
	('00000000-0000-0000-0000-000000000000', 'b5f1c1e7-8ad2-4453-9c6d-64e5234c8b16', '{"action":"login","actor_id":"0bcd275e-9ece-423b-862b-62f61c37a424","actor_username":"admin@brickshare.test","actor_via_sso":false,"log_type":"account","traits":{"provider":"email"}}', '2026-03-27 07:39:14.64759+00', ''),
	('00000000-0000-0000-0000-000000000000', 'c3985444-958e-403e-9d25-bfe7c492a8a1', '{"action":"login","actor_id":"0bcd275e-9ece-423b-862b-62f61c37a424","actor_username":"admin@brickshare.test","actor_via_sso":false,"log_type":"account","traits":{"provider":"email"}}', '2026-03-27 07:49:27.7272+00', ''),
	('00000000-0000-0000-0000-000000000000', '34ed19d1-ca9b-4169-b6c5-46dd0181cd44', '{"action":"login","actor_id":"0bcd275e-9ece-423b-862b-62f61c37a424","actor_username":"admin@brickshare.test","actor_via_sso":false,"log_type":"account","traits":{"provider":"email"}}', '2026-03-27 07:49:42.827892+00', ''),
	('00000000-0000-0000-0000-000000000000', 'a1ce1708-5c7e-4c7f-9315-4b450e33d6cb', '{"action":"login","actor_id":"0bcd275e-9ece-423b-862b-62f61c37a424","actor_username":"admin@brickshare.test","actor_via_sso":false,"log_type":"account","traits":{"provider":"email"}}', '2026-03-27 07:49:58.806535+00', ''),
	('00000000-0000-0000-0000-000000000000', 'a9081da0-4309-460f-b6e4-4433fc40cafe', '{"action":"login","actor_id":"0bcd275e-9ece-423b-862b-62f61c37a424","actor_username":"admin@brickshare.test","actor_via_sso":false,"log_type":"account","traits":{"provider":"email"}}', '2026-03-27 07:50:20.061527+00', ''),
	('00000000-0000-0000-0000-000000000000', '3f8b16e9-e7cc-42be-bb29-9a5a05cfb26d', '{"action":"login","actor_id":"0bcd275e-9ece-423b-862b-62f61c37a424","actor_username":"admin@brickshare.test","actor_via_sso":false,"log_type":"account","traits":{"provider":"email"}}', '2026-03-27 07:51:39.382497+00', ''),
	('00000000-0000-0000-0000-000000000000', 'ec29e78d-7589-4720-8836-1fc5743e0f83', '{"action":"login","actor_id":"0bcd275e-9ece-423b-862b-62f61c37a424","actor_username":"admin@brickshare.test","actor_via_sso":false,"log_type":"account","traits":{"provider":"email"}}', '2026-03-27 07:52:01.054212+00', ''),
	('00000000-0000-0000-0000-000000000000', '49c94e70-d740-4b48-8d5e-a83163eb0d55', '{"action":"user_signedup","actor_id":"8f49c38f-e9e7-4d9d-985a-82f4d89e36cb","actor_username":"test-1774599246210@local.test","actor_via_sso":false,"log_type":"team","traits":{"provider":"email"}}', '2026-03-27 08:14:06.508927+00', ''),
	('00000000-0000-0000-0000-000000000000', '182d69c4-87d3-4d1b-9451-91e396ca55ff', '{"action":"login","actor_id":"8f49c38f-e9e7-4d9d-985a-82f4d89e36cb","actor_username":"test-1774599246210@local.test","actor_via_sso":false,"log_type":"account","traits":{"provider":"email"}}', '2026-03-27 08:14:06.513718+00', ''),
	('00000000-0000-0000-0000-000000000000', 'c17db7a9-6f28-4241-b85c-47438b1eb336', '{"action":"user_signedup","actor_id":"2f997f45-26b2-4115-bf05-bb04f9f7a830","actor_username":"test-1774599263203@local.test","actor_via_sso":false,"log_type":"team","traits":{"provider":"email"}}', '2026-03-27 08:14:23.499824+00', ''),
	('00000000-0000-0000-0000-000000000000', '041bc926-eaf8-4a56-8016-6cd42b9bed07', '{"action":"login","actor_id":"2f997f45-26b2-4115-bf05-bb04f9f7a830","actor_username":"test-1774599263203@local.test","actor_via_sso":false,"log_type":"account","traits":{"provider":"email"}}', '2026-03-27 08:14:23.505505+00', ''),
	('00000000-0000-0000-0000-000000000000', 'f45a233a-8c1c-4842-8f7e-c10f9ef8054c', '{"action":"user_signedup","actor_id":"edb2466a-c84b-4d9f-825b-c654eb326e91","actor_username":"test-1774599390342@local.test","actor_via_sso":false,"log_type":"team","traits":{"provider":"email"}}', '2026-03-27 08:16:30.639974+00', ''),
	('00000000-0000-0000-0000-000000000000', '93a598e3-82dd-4b99-8474-2105a1943e60', '{"action":"login","actor_id":"edb2466a-c84b-4d9f-825b-c654eb326e91","actor_username":"test-1774599390342@local.test","actor_via_sso":false,"log_type":"account","traits":{"provider":"email"}}', '2026-03-27 08:16:30.644389+00', ''),
	('00000000-0000-0000-0000-000000000000', 'fa4ecda4-c794-41fe-ace1-06e03a22d443', '{"action":"user_signedup","actor_id":"a48e0b45-de87-4aa3-9e2d-12e009ca8836","actor_username":"test-1774599414864@local.test","actor_via_sso":false,"log_type":"team","traits":{"provider":"email"}}', '2026-03-27 08:16:55.146872+00', ''),
	('00000000-0000-0000-0000-000000000000', 'afb48f31-070e-45a0-ab0a-55d6bb4ad19e', '{"action":"login","actor_id":"a48e0b45-de87-4aa3-9e2d-12e009ca8836","actor_username":"test-1774599414864@local.test","actor_via_sso":false,"log_type":"account","traits":{"provider":"email"}}', '2026-03-27 08:16:55.154428+00', ''),
	('00000000-0000-0000-0000-000000000000', '06424e90-2429-4fc6-b6ed-18dc12bc983d', '{"action":"user_signedup","actor_id":"48c1ce56-5ff8-4d08-b371-7e5714528abf","actor_username":"test-1774599626886@local.test","actor_via_sso":false,"log_type":"team","traits":{"provider":"email"}}', '2026-03-27 08:20:27.184736+00', ''),
	('00000000-0000-0000-0000-000000000000', '0bbf151a-43a8-4354-bb29-b328b9485155', '{"action":"login","actor_id":"48c1ce56-5ff8-4d08-b371-7e5714528abf","actor_username":"test-1774599626886@local.test","actor_via_sso":false,"log_type":"account","traits":{"provider":"email"}}', '2026-03-27 08:20:27.190986+00', ''),
	('00000000-0000-0000-0000-000000000000', 'fb7c60e2-ae42-4e61-9214-4a1f3c67f65f', '{"action":"user_signedup","actor_id":"38516e25-b3d2-485c-9b59-7ec00ee27ac4","actor_username":"test-1774599644805@local.test","actor_via_sso":false,"log_type":"team","traits":{"provider":"email"}}', '2026-03-27 08:20:45.097534+00', ''),
	('00000000-0000-0000-0000-000000000000', '2b1389af-32ee-4339-a197-99df58ae6339', '{"action":"login","actor_id":"38516e25-b3d2-485c-9b59-7ec00ee27ac4","actor_username":"test-1774599644805@local.test","actor_via_sso":false,"log_type":"account","traits":{"provider":"email"}}', '2026-03-27 08:20:45.102185+00', ''),
	('00000000-0000-0000-0000-000000000000', '921b9693-6fde-453b-9631-aa230f835c45', '{"action":"user_signedup","actor_id":"b1aee204-852a-47ed-859f-3c0b1f0dc3d7","actor_username":"test-1774599876983@local.test","actor_via_sso":false,"log_type":"team","traits":{"provider":"email"}}', '2026-03-27 08:24:37.297193+00', ''),
	('00000000-0000-0000-0000-000000000000', '4422383a-307c-4e24-b7ed-9a6bce7a9353', '{"action":"login","actor_id":"b1aee204-852a-47ed-859f-3c0b1f0dc3d7","actor_username":"test-1774599876983@local.test","actor_via_sso":false,"log_type":"account","traits":{"provider":"email"}}', '2026-03-27 08:24:37.302645+00', ''),
	('00000000-0000-0000-0000-000000000000', '7f3a36f6-aabf-46ec-9c70-0df733499bbe', '{"action":"login","actor_id":"e2e00000-0000-0000-0000-000000000001","actor_username":"e2e.onboarding@test.com","actor_via_sso":false,"log_type":"account","traits":{"provider":"email"}}', '2026-03-27 08:34:56.670465+00', ''),
	('00000000-0000-0000-0000-000000000000', 'a909918f-7241-4c5c-9812-b408584495cc', '{"action":"login","actor_id":"e2e00000-0000-0000-0000-000000000001","actor_username":"e2e.onboarding@test.com","actor_via_sso":false,"log_type":"account","traits":{"provider":"email"}}', '2026-03-27 08:35:07.530653+00', ''),
	('00000000-0000-0000-0000-000000000000', 'c12b3854-db79-4f49-bdec-8f83367dd729', '{"action":"login","actor_id":"e2e00000-0000-0000-0000-000000000001","actor_username":"e2e.onboarding@test.com","actor_via_sso":false,"log_type":"account","traits":{"provider":"email"}}', '2026-03-27 08:35:23.10886+00', ''),
	('00000000-0000-0000-0000-000000000000', '5d32005a-39c7-40f7-b2ed-9e310b5cdd4a', '{"action":"login","actor_id":"e2e00000-0000-0000-0000-000000000001","actor_username":"e2e.onboarding@test.com","actor_via_sso":false,"log_type":"account","traits":{"provider":"email"}}', '2026-03-27 09:15:05.843091+00', ''),
	('00000000-0000-0000-0000-000000000000', 'f41115d1-8815-4c7d-87cb-8471279fed42', '{"action":"login","actor_id":"0bcd275e-9ece-423b-862b-62f61c37a424","actor_username":"admin@brickshare.test","actor_via_sso":false,"log_type":"account","traits":{"provider":"email"}}', '2026-03-27 09:22:30.928711+00', ''),
	('00000000-0000-0000-0000-000000000000', '2099a70f-cc98-47ca-b023-25315742ee40', '{"action":"login","actor_id":"0bcd275e-9ece-423b-862b-62f61c37a424","actor_username":"admin@brickshare.test","actor_via_sso":false,"log_type":"account","traits":{"provider":"email"}}', '2026-03-27 09:22:55.859495+00', ''),
	('00000000-0000-0000-0000-000000000000', '8d6eee2d-0ca4-4207-a588-edbcd53ae243', '{"action":"login","actor_id":"0bcd275e-9ece-423b-862b-62f61c37a424","actor_username":"admin@brickshare.test","actor_via_sso":false,"log_type":"account","traits":{"provider":"email"}}', '2026-03-27 09:23:21.071284+00', ''),
	('00000000-0000-0000-0000-000000000000', '66b4203c-4867-4071-96b5-0ebb2dd93bd8', '{"action":"login","actor_id":"0bcd275e-9ece-423b-862b-62f61c37a424","actor_username":"admin@brickshare.test","actor_via_sso":false,"log_type":"account","traits":{"provider":"email"}}', '2026-03-27 09:23:40.76238+00', ''),
	('00000000-0000-0000-0000-000000000000', '0b0e9989-f83a-4a58-b889-8c8178064d78', '{"action":"login","actor_id":"0bcd275e-9ece-423b-862b-62f61c37a424","actor_username":"admin@brickshare.test","actor_via_sso":false,"log_type":"account","traits":{"provider":"email"}}', '2026-03-27 09:24:00.602666+00', ''),
	('00000000-0000-0000-0000-000000000000', '0e94366d-049b-4115-aff9-1477338baa7c', '{"action":"login","actor_id":"0bcd275e-9ece-423b-862b-62f61c37a424","actor_username":"admin@brickshare.test","actor_via_sso":false,"log_type":"account","traits":{"provider":"email"}}', '2026-03-27 09:24:20.673251+00', ''),
	('00000000-0000-0000-0000-000000000000', '5dbe7c22-cbaa-4834-aaf3-5f1ad9cbb8f6', '{"action":"login","actor_id":"0bcd275e-9ece-423b-862b-62f61c37a424","actor_username":"admin@brickshare.test","actor_via_sso":false,"log_type":"account","traits":{"provider":"email"}}', '2026-03-27 09:24:40.316794+00', ''),
	('00000000-0000-0000-0000-000000000000', '0eef9448-0173-41ee-b0da-193d7901d4f5', '{"action":"login","actor_id":"0bcd275e-9ece-423b-862b-62f61c37a424","actor_username":"admin@brickshare.test","actor_via_sso":false,"log_type":"account","traits":{"provider":"email"}}', '2026-03-27 09:25:00.187182+00', ''),
	('00000000-0000-0000-0000-000000000000', '6e084267-4a4d-4fff-8627-2d69a1fbedb0', '{"action":"login","actor_id":"0bcd275e-9ece-423b-862b-62f61c37a424","actor_username":"admin@brickshare.test","actor_via_sso":false,"log_type":"account","traits":{"provider":"email"}}', '2026-03-27 09:25:20.809351+00', ''),
	('00000000-0000-0000-0000-000000000000', '227e0054-1dbf-4691-bdd6-b2700547201d', '{"action":"login","actor_id":"0bcd275e-9ece-423b-862b-62f61c37a424","actor_username":"admin@brickshare.test","actor_via_sso":false,"log_type":"account","traits":{"provider":"email"}}', '2026-03-27 09:25:45.805566+00', ''),
	('00000000-0000-0000-0000-000000000000', 'ee5e7371-5824-42d8-9c4e-c2ba0a9028d4', '{"action":"user_signedup","actor_id":"b6a0cdec-0b61-441f-b00b-8fa95360e6bb","actor_username":"test-1774604427266@local.test","actor_via_sso":false,"log_type":"team","traits":{"provider":"email"}}', '2026-03-27 09:40:27.72935+00', ''),
	('00000000-0000-0000-0000-000000000000', '3d1c2a2b-3c01-4f7b-a43e-0db745fa3573', '{"action":"login","actor_id":"b6a0cdec-0b61-441f-b00b-8fa95360e6bb","actor_username":"test-1774604427266@local.test","actor_via_sso":false,"log_type":"account","traits":{"provider":"email"}}', '2026-03-27 09:40:27.735268+00', ''),
	('00000000-0000-0000-0000-000000000000', '600c091e-a036-4922-9faa-ba8ccd32bbbc', '{"action":"user_deleted","actor_id":"00000000-0000-0000-0000-000000000000","actor_username":"service_role","actor_via_sso":false,"log_type":"team","traits":{"user_email":"test-1774604427266@local.test","user_id":"b6a0cdec-0b61-441f-b00b-8fa95360e6bb","user_phone":""}}', '2026-03-27 09:40:30.737811+00', ''),
	('00000000-0000-0000-0000-000000000000', 'ca2fc0c7-b66b-44d4-b1f0-b526357db909', '{"action":"login","actor_id":"e2e00000-0000-0000-0000-000000000001","actor_username":"e2e.onboarding@test.com","actor_via_sso":false,"log_type":"account","traits":{"provider":"email"}}', '2026-03-27 09:40:41.636957+00', ''),
	('00000000-0000-0000-0000-000000000000', '9e0172f4-2c2d-40b9-949b-18b99baaaaba', '{"action":"login","actor_id":"11111111-1111-1111-1111-111111111111","actor_name":"Test User","actor_username":"test@brickshare.test","actor_via_sso":false,"log_type":"account","traits":{"provider":"email"}}', '2026-03-27 10:16:03.78814+00', ''),
	('00000000-0000-0000-0000-000000000000', 'a8c06e77-eec7-48c6-80ae-7bfce74cb399', '{"action":"login","actor_id":"11111111-1111-1111-1111-111111111111","actor_name":"Test User","actor_username":"test@brickshare.test","actor_via_sso":false,"log_type":"account","traits":{"provider":"email"}}', '2026-03-27 10:16:28.906043+00', ''),
	('00000000-0000-0000-0000-000000000000', '5ad41395-d738-4146-b7cd-fe2ad9133bc3', '{"action":"login","actor_id":"11111111-1111-1111-1111-111111111111","actor_name":"Test User","actor_username":"test@brickshare.test","actor_via_sso":false,"log_type":"account","traits":{"provider":"email"}}', '2026-03-27 10:16:53.653439+00', ''),
	('00000000-0000-0000-0000-000000000000', '00d2ead7-3f9d-4a98-a22f-03d1ec94eced', '{"action":"login","actor_id":"11111111-1111-1111-1111-111111111111","actor_name":"Test User","actor_username":"test@brickshare.test","actor_via_sso":false,"log_type":"account","traits":{"provider":"email"}}', '2026-03-27 10:17:13.10911+00', ''),
	('00000000-0000-0000-0000-000000000000', '88cc6649-39ac-4305-8db4-144a471879b0', '{"action":"login","actor_id":"11111111-1111-1111-1111-111111111111","actor_name":"Test User","actor_username":"test@brickshare.test","actor_via_sso":false,"log_type":"account","traits":{"provider":"email"}}', '2026-03-27 10:17:32.486305+00', ''),
	('00000000-0000-0000-0000-000000000000', '070b6d5e-43af-4ec7-b7d2-d69f5a8eeca2', '{"action":"login","actor_id":"11111111-1111-1111-1111-111111111111","actor_name":"Test User","actor_username":"test@brickshare.test","actor_via_sso":false,"log_type":"account","traits":{"provider":"email"}}', '2026-03-27 10:17:57.389327+00', ''),
	('00000000-0000-0000-0000-000000000000', '6c409149-f3eb-4f95-88b8-3e665e80ab36', '{"action":"login","actor_id":"11111111-1111-1111-1111-111111111111","actor_name":"Test User","actor_username":"test@brickshare.test","actor_via_sso":false,"log_type":"account","traits":{"provider":"email"}}', '2026-03-27 10:28:39.858525+00', ''),
	('00000000-0000-0000-0000-000000000000', '3b736ec0-ffe3-4ff4-a808-fb8ee7b9e50b', '{"action":"login","actor_id":"11111111-1111-1111-1111-111111111111","actor_name":"Test User","actor_username":"test@brickshare.test","actor_via_sso":false,"log_type":"account","traits":{"provider":"email"}}', '2026-03-27 10:29:04.5432+00', ''),
	('00000000-0000-0000-0000-000000000000', 'adaf8c8d-7385-4f76-afb8-e8c81b76f13d', '{"action":"login","actor_id":"11111111-1111-1111-1111-111111111111","actor_name":"Test User","actor_username":"test@brickshare.test","actor_via_sso":false,"log_type":"account","traits":{"provider":"email"}}', '2026-03-27 10:29:29.364498+00', ''),
	('00000000-0000-0000-0000-000000000000', 'd3186361-45ee-44ec-aded-9d5516715746', '{"action":"login","actor_id":"11111111-1111-1111-1111-111111111111","actor_name":"Test User","actor_username":"test@brickshare.test","actor_via_sso":false,"log_type":"account","traits":{"provider":"email"}}', '2026-03-27 10:29:49.047594+00', ''),
	('00000000-0000-0000-0000-000000000000', 'a5f5ec0a-6ea6-4233-9caa-b8df0018fb16', '{"action":"login","actor_id":"11111111-1111-1111-1111-111111111111","actor_name":"Test User","actor_username":"test@brickshare.test","actor_via_sso":false,"log_type":"account","traits":{"provider":"email"}}', '2026-03-27 10:30:08.417147+00', ''),
	('00000000-0000-0000-0000-000000000000', '9fa8f899-6778-4779-b584-91650756f768', '{"action":"login","actor_id":"11111111-1111-1111-1111-111111111111","actor_name":"Test User","actor_username":"test@brickshare.test","actor_via_sso":false,"log_type":"account","traits":{"provider":"email"}}', '2026-03-27 10:30:33.146542+00', ''),
	('00000000-0000-0000-0000-000000000000', '46d88b93-9cd7-417a-aae1-8ddc4ad1fe96', '{"action":"login","actor_id":"11111111-1111-1111-1111-111111111111","actor_name":"Test User","actor_username":"test@brickshare.test","actor_via_sso":false,"log_type":"account","traits":{"provider":"email"}}', '2026-03-27 10:30:58.062399+00', ''),
	('00000000-0000-0000-0000-000000000000', '7dcd434a-e5d3-4a54-9f67-37543146b601', '{"action":"login","actor_id":"11111111-1111-1111-1111-111111111111","actor_name":"Test User","actor_username":"test@brickshare.test","actor_via_sso":false,"log_type":"account","traits":{"provider":"email"}}', '2026-03-27 10:31:22.753448+00', ''),
	('00000000-0000-0000-0000-000000000000', 'a1c08a3d-43fb-4da4-a8f2-e83ec1d219c1', '{"action":"login","actor_id":"11111111-1111-1111-1111-111111111111","actor_name":"Test User","actor_username":"test@brickshare.test","actor_via_sso":false,"log_type":"account","traits":{"provider":"email"}}', '2026-03-27 10:31:47.405543+00', ''),
	('00000000-0000-0000-0000-000000000000', '7b0220b7-b40d-4e2e-9bb1-20b8beb3533f', '{"action":"login","actor_id":"11111111-1111-1111-1111-111111111111","actor_name":"Test User","actor_username":"test@brickshare.test","actor_via_sso":false,"log_type":"account","traits":{"provider":"email"}}', '2026-03-27 10:32:12.296517+00', ''),
	('00000000-0000-0000-0000-000000000000', '0ad9a1f4-e74a-461c-9bfe-6be88b487525', '{"action":"login","actor_id":"11111111-1111-1111-1111-111111111111","actor_name":"Test User","actor_username":"test@brickshare.test","actor_via_sso":false,"log_type":"account","traits":{"provider":"email"}}', '2026-03-27 10:32:36.976511+00', ''),
	('00000000-0000-0000-0000-000000000000', '69717dce-78ad-4617-a602-449ceaf13e82', '{"action":"login","actor_id":"11111111-1111-1111-1111-111111111111","actor_name":"Test User","actor_username":"test@brickshare.test","actor_via_sso":false,"log_type":"account","traits":{"provider":"email"}}', '2026-03-27 10:32:56.52848+00', ''),
	('00000000-0000-0000-0000-000000000000', 'b2a65aab-efd5-49f7-8689-67110c1609b1', '{"action":"login","actor_id":"11111111-1111-1111-1111-111111111111","actor_name":"Test User","actor_username":"test@brickshare.test","actor_via_sso":false,"log_type":"account","traits":{"provider":"email"}}', '2026-03-27 10:33:15.923057+00', ''),
	('00000000-0000-0000-0000-000000000000', 'cb58dfa5-2295-435a-b712-5de2c96ce3d9', '{"action":"login","actor_id":"11111111-1111-1111-1111-111111111111","actor_name":"Test User","actor_username":"test@brickshare.test","actor_via_sso":false,"log_type":"account","traits":{"provider":"email"}}', '2026-03-27 10:33:35.16011+00', ''),
	('00000000-0000-0000-0000-000000000000', 'a3fc3997-1e52-4746-a8ad-b59b44238b54', '{"action":"login","actor_id":"11111111-1111-1111-1111-111111111111","actor_name":"Test User","actor_username":"test@brickshare.test","actor_via_sso":false,"log_type":"account","traits":{"provider":"email"}}', '2026-03-27 10:33:54.734627+00', ''),
	('00000000-0000-0000-0000-000000000000', 'b10f75af-4ed8-4ffb-a1cd-ed2886a54575', '{"action":"login","actor_id":"11111111-1111-1111-1111-111111111111","actor_name":"Test User","actor_username":"test@brickshare.test","actor_via_sso":false,"log_type":"account","traits":{"provider":"email"}}', '2026-03-27 10:34:14.068547+00', ''),
	('00000000-0000-0000-0000-000000000000', '85fd1da2-e908-4166-ac2d-aa9b96426324', '{"action":"login","actor_id":"11111111-1111-1111-1111-111111111111","actor_name":"Test User","actor_username":"test@brickshare.test","actor_via_sso":false,"log_type":"account","traits":{"provider":"email"}}', '2026-03-27 10:34:33.342658+00', ''),
	('00000000-0000-0000-0000-000000000000', '4f2dd1c6-79db-4721-8689-9d562b589e1f', '{"action":"login","actor_id":"11111111-1111-1111-1111-111111111111","actor_name":"Test User","actor_username":"test@brickshare.test","actor_via_sso":false,"log_type":"account","traits":{"provider":"email"}}', '2026-03-27 10:34:53.167097+00', ''),
	('00000000-0000-0000-0000-000000000000', '98ef24cc-b83f-43f4-9bac-a753ac8ff6ec', '{"action":"login","actor_id":"11111111-1111-1111-1111-111111111111","actor_name":"Test User","actor_username":"test@brickshare.test","actor_via_sso":false,"log_type":"account","traits":{"provider":"email"}}', '2026-03-27 10:35:54.472168+00', ''),
	('00000000-0000-0000-0000-000000000000', '71bbb27c-91a2-4302-af24-35bc231a6ea0', '{"action":"login","actor_id":"11111111-1111-1111-1111-111111111111","actor_name":"Test User","actor_username":"test@brickshare.test","actor_via_sso":false,"log_type":"account","traits":{"provider":"email"}}', '2026-03-27 10:36:31.537713+00', ''),
	('00000000-0000-0000-0000-000000000000', '1aaf06b6-1d3e-452d-8698-5e988f176b4b', '{"action":"login","actor_id":"11111111-1111-1111-1111-111111111111","actor_name":"Test User","actor_username":"test@brickshare.test","actor_via_sso":false,"log_type":"account","traits":{"provider":"email"}}', '2026-03-27 10:36:35.203911+00', ''),
	('00000000-0000-0000-0000-000000000000', '895d2d39-a1d7-4703-bff9-1f270b0c4ba0', '{"action":"login","actor_id":"11111111-1111-1111-1111-111111111111","actor_name":"Test User","actor_username":"test@brickshare.test","actor_via_sso":false,"log_type":"account","traits":{"provider":"email"}}', '2026-03-27 10:36:38.979236+00', ''),
	('00000000-0000-0000-0000-000000000000', 'b6e5c5d6-7d7b-4dc7-adca-d61f0824d7bc', '{"action":"login","actor_id":"11111111-1111-1111-1111-111111111111","actor_name":"Test User","actor_username":"test@brickshare.test","actor_via_sso":false,"log_type":"account","traits":{"provider":"email"}}', '2026-03-27 10:36:42.579763+00', ''),
	('00000000-0000-0000-0000-000000000000', '8f6a9437-1caf-4b73-8326-d7e3e87a680b', '{"action":"login","actor_id":"11111111-1111-1111-1111-111111111111","actor_name":"Test User","actor_username":"test@brickshare.test","actor_via_sso":false,"log_type":"account","traits":{"provider":"email"}}', '2026-03-27 10:36:48.62572+00', ''),
	('00000000-0000-0000-0000-000000000000', '5c27b685-140e-4fa3-a57b-552e9d7ece34', '{"action":"login","actor_id":"11111111-1111-1111-1111-111111111111","actor_name":"Test User","actor_username":"test@brickshare.test","actor_via_sso":false,"log_type":"account","traits":{"provider":"email"}}', '2026-03-27 10:37:16.721758+00', ''),
	('00000000-0000-0000-0000-000000000000', '908101e2-ed99-4638-a214-8cc116a2cfff', '{"action":"login","actor_id":"11111111-1111-1111-1111-111111111111","actor_name":"Test User","actor_username":"test@brickshare.test","actor_via_sso":false,"log_type":"account","traits":{"provider":"email"}}', '2026-03-27 10:37:20.516987+00', ''),
	('00000000-0000-0000-0000-000000000000', 'bacdcdac-890e-412b-b987-023ee6965609', '{"action":"login","actor_id":"11111111-1111-1111-1111-111111111111","actor_name":"Test User","actor_username":"test@brickshare.test","actor_via_sso":false,"log_type":"account","traits":{"provider":"email"}}', '2026-03-27 10:37:24.162071+00', ''),
	('00000000-0000-0000-0000-000000000000', '853c2f3a-d937-4008-b6f8-530fe6017d57', '{"action":"user_signedup","actor_id":"355b2a86-818f-4ceb-8ce7-0fc7f278b550","actor_username":"test-1774608642784@local.test","actor_via_sso":false,"log_type":"team","traits":{"provider":"email"}}', '2026-03-27 10:50:43.250976+00', ''),
	('00000000-0000-0000-0000-000000000000', 'e3dd62e8-c20b-476e-b81b-192ea9af0caf', '{"action":"login","actor_id":"355b2a86-818f-4ceb-8ce7-0fc7f278b550","actor_username":"test-1774608642784@local.test","actor_via_sso":false,"log_type":"account","traits":{"provider":"email"}}', '2026-03-27 10:50:43.256405+00', ''),
	('00000000-0000-0000-0000-000000000000', '5c411f21-ad09-4402-8fdc-deccf2be3308', '{"action":"user_deleted","actor_id":"00000000-0000-0000-0000-000000000000","actor_username":"service_role","actor_via_sso":false,"log_type":"team","traits":{"user_email":"test-1774608642784@local.test","user_id":"355b2a86-818f-4ceb-8ce7-0fc7f278b550","user_phone":""}}', '2026-03-27 10:50:46.23988+00', ''),
	('00000000-0000-0000-0000-000000000000', 'ee021a4b-b116-42d2-9297-1734d8353d37', '{"action":"login","actor_id":"e2e00000-0000-0000-0000-000000000001","actor_username":"e2e.onboarding@test.com","actor_via_sso":false,"log_type":"account","traits":{"provider":"email"}}', '2026-03-27 10:50:56.680704+00', ''),
	('00000000-0000-0000-0000-000000000000', 'c4b2495c-f83b-44b0-a840-46bb2bebfe21', '{"action":"login","actor_id":"11111111-1111-1111-1111-111111111111","actor_name":"Test User","actor_username":"test@brickshare.test","actor_via_sso":false,"log_type":"account","traits":{"provider":"email"}}', '2026-03-27 10:50:59.835659+00', ''),
	('00000000-0000-0000-0000-000000000000', '83045d0d-5dc7-48a6-b8a8-ae4946d1a79d', '{"action":"login","actor_id":"11111111-1111-1111-1111-111111111111","actor_name":"Test User","actor_username":"test@brickshare.test","actor_via_sso":false,"log_type":"account","traits":{"provider":"email"}}', '2026-03-27 10:51:03.717747+00', ''),
	('00000000-0000-0000-0000-000000000000', '3954117e-6348-4108-ac01-092950527204', '{"action":"login","actor_id":"11111111-1111-1111-1111-111111111111","actor_name":"Test User","actor_username":"test@brickshare.test","actor_via_sso":false,"log_type":"account","traits":{"provider":"email"}}', '2026-03-27 10:51:07.204214+00', ''),
	('00000000-0000-0000-0000-000000000000', 'e55cfc38-6f66-444f-9b10-32230d3ce913', '{"action":"user_signedup","actor_id":"5be7921b-8bf5-4909-9cae-34d08214579b","actor_username":"test-1774608725081@local.test","actor_via_sso":false,"log_type":"team","traits":{"provider":"email"}}', '2026-03-27 10:52:05.529555+00', ''),
	('00000000-0000-0000-0000-000000000000', 'dd5729b2-2a4b-4bf7-ad65-c0fc63fb2dca', '{"action":"login","actor_id":"5be7921b-8bf5-4909-9cae-34d08214579b","actor_username":"test-1774608725081@local.test","actor_via_sso":false,"log_type":"account","traits":{"provider":"email"}}', '2026-03-27 10:52:05.53448+00', ''),
	('00000000-0000-0000-0000-000000000000', '330a1442-2ee5-4efa-b117-b7e662bdb071', '{"action":"user_deleted","actor_id":"00000000-0000-0000-0000-000000000000","actor_username":"service_role","actor_via_sso":false,"log_type":"team","traits":{"user_email":"test-1774608725081@local.test","user_id":"5be7921b-8bf5-4909-9cae-34d08214579b","user_phone":""}}', '2026-03-27 10:52:08.518378+00', ''),
	('00000000-0000-0000-0000-000000000000', '6cde42bc-0fc3-4b30-86c9-24f56709f523', '{"action":"user_signedup","actor_id":"9319b964-bf16-4da7-9e9e-f3946e4d48ce","actor_username":"test-1774608743066@local.test","actor_via_sso":false,"log_type":"team","traits":{"provider":"email"}}', '2026-03-27 10:52:23.513382+00', ''),
	('00000000-0000-0000-0000-000000000000', 'cac0460f-a16a-4d7b-8f4f-1312b17a8195', '{"action":"login","actor_id":"9319b964-bf16-4da7-9e9e-f3946e4d48ce","actor_username":"test-1774608743066@local.test","actor_via_sso":false,"log_type":"account","traits":{"provider":"email"}}', '2026-03-27 10:52:23.518703+00', ''),
	('00000000-0000-0000-0000-000000000000', 'c2154a72-4cb6-4d35-887b-970c436c3903', '{"action":"user_deleted","actor_id":"00000000-0000-0000-0000-000000000000","actor_username":"service_role","actor_via_sso":false,"log_type":"team","traits":{"user_email":"test-1774608743066@local.test","user_id":"9319b964-bf16-4da7-9e9e-f3946e4d48ce","user_phone":""}}', '2026-03-27 10:52:26.527713+00', ''),
	('00000000-0000-0000-0000-000000000000', 'd382ec66-1912-4f31-93e6-bf03bf509780', '{"action":"login","actor_id":"e2e00000-0000-0000-0000-000000000001","actor_username":"e2e.onboarding@test.com","actor_via_sso":false,"log_type":"account","traits":{"provider":"email"}}', '2026-03-27 10:52:37.353173+00', ''),
	('00000000-0000-0000-0000-000000000000', 'd8c318f8-7abe-4910-8664-001aab61c880', '{"action":"login","actor_id":"11111111-1111-1111-1111-111111111111","actor_name":"Test User","actor_username":"test@brickshare.test","actor_via_sso":false,"log_type":"account","traits":{"provider":"email"}}', '2026-03-27 10:52:40.514499+00', ''),
	('00000000-0000-0000-0000-000000000000', 'a9e66419-fc85-48c5-a636-d6940d9d7f72', '{"action":"login","actor_id":"11111111-1111-1111-1111-111111111111","actor_name":"Test User","actor_username":"test@brickshare.test","actor_via_sso":false,"log_type":"account","traits":{"provider":"email"}}', '2026-03-27 10:52:44.301045+00', ''),
	('00000000-0000-0000-0000-000000000000', '69fc8327-f50a-410c-986c-df2ac045fee2', '{"action":"login","actor_id":"11111111-1111-1111-1111-111111111111","actor_name":"Test User","actor_username":"test@brickshare.test","actor_via_sso":false,"log_type":"account","traits":{"provider":"email"}}', '2026-03-27 10:52:47.907891+00', ''),
	('00000000-0000-0000-0000-000000000000', '6c1218f5-12a1-4100-a82f-0134f19c4beb', '{"action":"login","actor_id":"903f4a40-a978-4f70-be78-a0f65e5a4742","actor_name":"Enrique Perez","actor_username":"enriquepeto@yahoo.es","actor_via_sso":false,"log_type":"account","traits":{"provider":"email"}}', '2026-03-27 11:11:40.927681+00', ''),
	('00000000-0000-0000-0000-000000000000', '0ec8c9a0-aa81-463c-9b38-ba45b8d3ad5e', '{"action":"login","actor_id":"dbe2fc0d-95ec-4fa1-a8b6-1efa121cd037","actor_name":"Admin Brickshare","actor_username":"admin@brickshare.com","actor_via_sso":false,"log_type":"account","traits":{"provider":"email"}}', '2026-03-27 11:15:06.347787+00', ''),
	('00000000-0000-0000-0000-000000000000', '58063023-2265-4b8a-a12c-0287333698bc', '{"action":"logout","actor_id":"dbe2fc0d-95ec-4fa1-a8b6-1efa121cd037","actor_name":"Admin Brickshare","actor_username":"admin@brickshare.com","actor_via_sso":false,"log_type":"account"}', '2026-03-27 11:15:44.803201+00', ''),
	('00000000-0000-0000-0000-000000000000', '5ccc198c-fd68-4f7f-a4f2-8ea67d8e9928', '{"action":"login","actor_id":"0b3e2039-d416-4bd0-808f-02373260986f","actor_name":"User Two","actor_username":"user2@brickshare.com","actor_via_sso":false,"log_type":"account","traits":{"provider":"email"}}', '2026-03-27 11:15:59.762715+00', ''),
	('00000000-0000-0000-0000-000000000000', 'a3ee1eb5-1e2e-4386-a0a8-8c3de7f98e57', '{"action":"login","actor_id":"dbe2fc0d-95ec-4fa1-a8b6-1efa121cd037","actor_name":"Admin Brickshare","actor_username":"admin@brickshare.com","actor_via_sso":false,"log_type":"account","traits":{"provider":"email"}}', '2026-03-27 11:17:00.419767+00', ''),
	('00000000-0000-0000-0000-000000000000', '44a2d16d-4574-4ea1-984c-fd48778ef76f', '{"action":"login","actor_id":"70e1756f-ec5f-40bd-99cd-af5a6834071d","actor_name":"Enrique Perez","actor_username":"enriquepeto@yahoo.es","actor_via_sso":false,"log_type":"account","traits":{"provider":"email"}}', '2026-03-27 11:19:52.034722+00', ''),
	('00000000-0000-0000-0000-000000000000', 'cc4db6c5-64b0-4fc3-a854-ab5fde046cd8', '{"action":"login","actor_id":"dbe2fc0d-95ec-4fa1-a8b6-1efa121cd037","actor_name":"Admin Brickshare","actor_username":"admin@brickshare.com","actor_via_sso":false,"log_type":"account","traits":{"provider":"email"}}', '2026-03-27 11:26:20.865526+00', ''),
	('00000000-0000-0000-0000-000000000000', 'c2b08882-a68b-4999-95cd-b40b180ec72a', '{"action":"token_refreshed","actor_id":"70e1756f-ec5f-40bd-99cd-af5a6834071d","actor_name":"Enrique Perez","actor_username":"enriquepeto@yahoo.es","actor_via_sso":false,"log_type":"token"}', '2026-03-27 12:18:09.62992+00', ''),
	('00000000-0000-0000-0000-000000000000', '367fb70d-1f54-4e9d-8cbb-6fb8fce76eff', '{"action":"token_revoked","actor_id":"70e1756f-ec5f-40bd-99cd-af5a6834071d","actor_name":"Enrique Perez","actor_username":"enriquepeto@yahoo.es","actor_via_sso":false,"log_type":"token"}', '2026-03-27 12:18:09.630622+00', ''),
	('00000000-0000-0000-0000-000000000000', 'ff8bdfef-039f-4ec7-bd7a-54648106df55', '{"action":"token_refreshed","actor_id":"dbe2fc0d-95ec-4fa1-a8b6-1efa121cd037","actor_name":"Admin Brickshare","actor_username":"admin@brickshare.com","actor_via_sso":false,"log_type":"token"}', '2026-03-27 12:27:58.794451+00', ''),
	('00000000-0000-0000-0000-000000000000', 'c4b0b72f-a526-4b6b-8bc4-7b515d61c4a4', '{"action":"token_revoked","actor_id":"dbe2fc0d-95ec-4fa1-a8b6-1efa121cd037","actor_name":"Admin Brickshare","actor_username":"admin@brickshare.com","actor_via_sso":false,"log_type":"token"}', '2026-03-27 12:27:58.795119+00', ''),
	('00000000-0000-0000-0000-000000000000', 'c15221f7-d199-4652-86ae-51b1b5274657', '{"action":"login","actor_id":"70e1756f-ec5f-40bd-99cd-af5a6834071d","actor_name":"Enrique Perez","actor_username":"enriquepeto@yahoo.es","actor_via_sso":false,"log_type":"account","traits":{"provider":"email"}}', '2026-03-27 13:01:44.3189+00', '');


--
-- Data for Name: custom_oauth_providers; Type: TABLE DATA; Schema: auth; Owner: supabase_auth_admin
--



--
-- Data for Name: flow_state; Type: TABLE DATA; Schema: auth; Owner: supabase_auth_admin
--



--
-- Data for Name: users; Type: TABLE DATA; Schema: auth; Owner: supabase_auth_admin
--

INSERT INTO "auth"."users" ("instance_id", "id", "aud", "role", "email", "encrypted_password", "email_confirmed_at", "invited_at", "confirmation_token", "confirmation_sent_at", "recovery_token", "recovery_sent_at", "email_change_token_new", "email_change", "email_change_sent_at", "last_sign_in_at", "raw_app_meta_data", "raw_user_meta_data", "is_super_admin", "created_at", "updated_at", "phone", "phone_confirmed_at", "phone_change", "phone_change_token", "phone_change_sent_at", "email_change_token_current", "email_change_confirm_status", "banned_until", "reauthentication_token", "reauthentication_sent_at", "is_sso_user", "deleted_at", "is_anonymous") VALUES
	('00000000-0000-0000-0000-000000000000', 'c8fb2e1a-864f-4db3-96e5-341bb23b945c', 'authenticated', 'authenticated', 'user3@brickshare.com', '$2a$06$sJd6nefph2AosGeQpNrY9./1HRJtjGDifI6CWZH5H5S1gNY5AohPa', '2026-03-27 11:13:21.86844+00', NULL, '', NULL, '', NULL, '', '', NULL, NULL, '{"provider": "email", "providers": ["email"]}', '{"full_name": "user3"}', NULL, '2026-03-27 11:13:21.86844+00', '2026-03-27 11:13:21.86844+00', NULL, NULL, '', '', NULL, '', 0, NULL, '', NULL, false, NULL, false),
	('00000000-0000-0000-0000-000000000000', '0b3e2039-d416-4bd0-808f-02373260986f', 'authenticated', 'authenticated', 'user2@brickshare.com', '$2a$06$irBAzlV.APu5x2LTW3UAieVUvO.hH2ApHYSFljmIhs.lEZDClxigW', '2026-03-27 11:13:21.86844+00', NULL, '', NULL, '', NULL, '', '', NULL, '2026-03-27 11:15:59.763478+00', '{"provider": "email", "providers": ["email"]}', '{"full_name": "User Two"}', NULL, '2026-03-27 11:13:21.86844+00', '2026-03-27 11:15:59.765136+00', NULL, NULL, '', '', NULL, '', 0, NULL, '', NULL, false, NULL, false),
	('00000000-0000-0000-0000-000000000000', 'dbe2fc0d-95ec-4fa1-a8b6-1efa121cd037', 'authenticated', 'authenticated', 'admin@brickshare.com', '$2a$06$HcSBgew3ftiYby/lS0TdC.hVafgfYgxjtrIs/rfw97dblqStwob7C', '2026-03-27 11:13:21.86844+00', NULL, '', NULL, '', NULL, '', '', NULL, '2026-03-27 11:26:20.866287+00', '{"provider": "email", "providers": ["email"]}', '{"full_name": "Admin Brickshare"}', NULL, '2026-03-27 11:13:21.86844+00', '2026-03-27 12:27:58.796463+00', NULL, NULL, '', '', NULL, '', 0, NULL, '', NULL, false, NULL, false),
	('00000000-0000-0000-0000-000000000000', '70e1756f-ec5f-40bd-99cd-af5a6834071d', 'authenticated', 'authenticated', 'enriquepeto@yahoo.es', '$2a$06$HxuVlTTnBpvtZKobo6f0KOy6.sNB3pvUZQw/nx45lLWQSPAYejmKm', '2026-03-27 11:13:21.86844+00', NULL, '', NULL, '', NULL, '', '', NULL, '2026-03-27 13:01:44.321006+00', '{"provider": "email", "providers": ["email"]}', '{"full_name": "Enrique Perez"}', NULL, '2026-03-27 11:13:21.86844+00', '2026-03-27 13:01:44.326515+00', NULL, NULL, '', '', NULL, '', 0, NULL, '', NULL, false, NULL, false);


--
-- Data for Name: identities; Type: TABLE DATA; Schema: auth; Owner: supabase_auth_admin
--

INSERT INTO "auth"."identities" ("provider_id", "user_id", "identity_data", "provider", "last_sign_in_at", "created_at", "updated_at", "id") VALUES
	('dbe2fc0d-95ec-4fa1-a8b6-1efa121cd037', 'dbe2fc0d-95ec-4fa1-a8b6-1efa121cd037', '{"sub": "dbe2fc0d-95ec-4fa1-a8b6-1efa121cd037", "email": "admin@brickshare.com", "email_verified": false, "phone_verified": false}', 'email', '2026-03-27 11:13:21.86844+00', '2026-03-27 11:13:21.86844+00', '2026-03-27 11:13:21.86844+00', '51ab50b3-4eba-4890-b95e-b7a46e53cd51'),
	('70e1756f-ec5f-40bd-99cd-af5a6834071d', '70e1756f-ec5f-40bd-99cd-af5a6834071d', '{"sub": "70e1756f-ec5f-40bd-99cd-af5a6834071d", "email": "enriquepeto@yahoo.es", "email_verified": false, "phone_verified": false}', 'email', '2026-03-27 11:13:21.86844+00', '2026-03-27 11:13:21.86844+00', '2026-03-27 11:13:21.86844+00', '1d528ec3-6dac-4295-9ac2-40f4c49ca0cd'),
	('0b3e2039-d416-4bd0-808f-02373260986f', '0b3e2039-d416-4bd0-808f-02373260986f', '{"sub": "0b3e2039-d416-4bd0-808f-02373260986f", "email": "user2@brickshare.com", "email_verified": false, "phone_verified": false}', 'email', '2026-03-27 11:13:21.86844+00', '2026-03-27 11:13:21.86844+00', '2026-03-27 11:13:21.86844+00', '9702d175-e72c-4d06-8d2e-1b975855f4c6'),
	('c8fb2e1a-864f-4db3-96e5-341bb23b945c', 'c8fb2e1a-864f-4db3-96e5-341bb23b945c', '{"sub": "c8fb2e1a-864f-4db3-96e5-341bb23b945c", "email": "user3@brickshare.com", "email_verified": false, "phone_verified": false}', 'email', '2026-03-27 11:13:21.86844+00', '2026-03-27 11:13:21.86844+00', '2026-03-27 11:13:21.86844+00', '93b7f54a-e256-4454-a7de-8bf1be76cc45');


--
-- Data for Name: instances; Type: TABLE DATA; Schema: auth; Owner: supabase_auth_admin
--



--
-- Data for Name: oauth_clients; Type: TABLE DATA; Schema: auth; Owner: supabase_auth_admin
--



--
-- Data for Name: sessions; Type: TABLE DATA; Schema: auth; Owner: supabase_auth_admin
--

INSERT INTO "auth"."sessions" ("id", "user_id", "created_at", "updated_at", "factor_id", "aal", "not_after", "refreshed_at", "user_agent", "ip", "tag", "oauth_client_id", "refresh_token_hmac_key", "refresh_token_counter", "scopes") VALUES
	('a29b02b3-2567-46f4-80bc-f662d92bd7c9', 'e2e00000-0000-0000-0000-000000000001', '2026-03-27 09:40:41.637673+00', '2026-03-27 09:40:41.637673+00', NULL, 'aal1', NULL, NULL, 'Mozilla/5.0 (Windows NT 10.0; Win64; x64) AppleWebKit/537.36 (KHTML, like Gecko) Chrome/145.0.7632.6 Safari/537.36', '192.168.65.1', NULL, NULL, NULL, NULL, NULL),
	('453be195-d422-432d-b25d-9181a963bc56', '8f49c38f-e9e7-4d9d-985a-82f4d89e36cb', '2026-03-27 08:14:06.514519+00', '2026-03-27 08:14:06.514519+00', NULL, 'aal1', NULL, NULL, 'Mozilla/5.0 (Windows NT 10.0; Win64; x64) AppleWebKit/537.36 (KHTML, like Gecko) Chrome/145.0.7632.6 Safari/537.36', '192.168.65.1', NULL, NULL, NULL, NULL, NULL),
	('7c0b512f-945b-4afc-ad16-617ce3bae3f0', '2f997f45-26b2-4115-bf05-bb04f9f7a830', '2026-03-27 08:14:23.506213+00', '2026-03-27 08:14:23.506213+00', NULL, 'aal1', NULL, NULL, 'Mozilla/5.0 (Windows NT 10.0; Win64; x64) AppleWebKit/537.36 (KHTML, like Gecko) Chrome/145.0.7632.6 Safari/537.36', '192.168.65.1', NULL, NULL, NULL, NULL, NULL),
	('1e7dcd00-3178-4f0e-8c1c-09c91e17ab36', 'edb2466a-c84b-4d9f-825b-c654eb326e91', '2026-03-27 08:16:30.645009+00', '2026-03-27 08:16:30.645009+00', NULL, 'aal1', NULL, NULL, 'Mozilla/5.0 (Windows NT 10.0; Win64; x64) AppleWebKit/537.36 (KHTML, like Gecko) Chrome/145.0.7632.6 Safari/537.36', '192.168.65.1', NULL, NULL, NULL, NULL, NULL),
	('8b86e197-730f-4b3a-8fbd-243ec2c135b2', 'a48e0b45-de87-4aa3-9e2d-12e009ca8836', '2026-03-27 08:16:55.155604+00', '2026-03-27 08:16:55.155604+00', NULL, 'aal1', NULL, NULL, 'Mozilla/5.0 (Windows NT 10.0; Win64; x64) AppleWebKit/537.36 (KHTML, like Gecko) Chrome/145.0.7632.6 Safari/537.36', '192.168.65.1', NULL, NULL, NULL, NULL, NULL),
	('30ee3bbd-a53a-404d-b6f7-6217c56b2d29', '48c1ce56-5ff8-4d08-b371-7e5714528abf', '2026-03-27 08:20:27.191575+00', '2026-03-27 08:20:27.191575+00', NULL, 'aal1', NULL, NULL, 'Mozilla/5.0 (Windows NT 10.0; Win64; x64) AppleWebKit/537.36 (KHTML, like Gecko) Chrome/145.0.7632.6 Safari/537.36', '192.168.65.1', NULL, NULL, NULL, NULL, NULL),
	('65861192-e032-4f69-b349-0e22c9a1b597', '38516e25-b3d2-485c-9b59-7ec00ee27ac4', '2026-03-27 08:20:45.102723+00', '2026-03-27 08:20:45.102723+00', NULL, 'aal1', NULL, NULL, 'Mozilla/5.0 (Windows NT 10.0; Win64; x64) AppleWebKit/537.36 (KHTML, like Gecko) Chrome/145.0.7632.6 Safari/537.36', '192.168.65.1', NULL, NULL, NULL, NULL, NULL),
	('f617709c-7f1e-44a7-abd7-47c16e882654', 'b1aee204-852a-47ed-859f-3c0b1f0dc3d7', '2026-03-27 08:24:37.303454+00', '2026-03-27 08:24:37.303454+00', NULL, 'aal1', NULL, NULL, 'Mozilla/5.0 (Windows NT 10.0; Win64; x64) AppleWebKit/537.36 (KHTML, like Gecko) Chrome/145.0.7632.6 Safari/537.36', '192.168.65.1', NULL, NULL, NULL, NULL, NULL),
	('93583a50-76f2-4072-be4a-a4cfac8453ee', 'e2e00000-0000-0000-0000-000000000001', '2026-03-27 09:15:05.844023+00', '2026-03-27 09:15:05.844023+00', NULL, 'aal1', NULL, NULL, 'Mozilla/5.0 (Windows NT 10.0; Win64; x64) AppleWebKit/537.36 (KHTML, like Gecko) Chrome/145.0.7632.6 Safari/537.36', '192.168.65.1', NULL, NULL, NULL, NULL, NULL),
	('e500d4a7-7dd4-4fc6-8b86-e6354982886f', '11111111-1111-1111-1111-111111111111', '2026-03-27 10:28:39.859332+00', '2026-03-27 10:28:39.859332+00', NULL, 'aal1', NULL, NULL, 'node', '192.168.65.1', NULL, NULL, NULL, NULL, NULL),
	('704f0155-f008-42c8-86c8-360163bbc9e3', '11111111-1111-1111-1111-111111111111', '2026-03-27 10:29:04.543998+00', '2026-03-27 10:29:04.543998+00', NULL, 'aal1', NULL, NULL, 'node', '192.168.65.1', NULL, NULL, NULL, NULL, NULL),
	('eae10d57-f8ce-4930-8532-ecb74f3932c2', '11111111-1111-1111-1111-111111111111', '2026-03-27 10:29:29.365422+00', '2026-03-27 10:29:29.365422+00', NULL, 'aal1', NULL, NULL, 'node', '192.168.65.1', NULL, NULL, NULL, NULL, NULL),
	('a8402fa2-04ea-4121-8737-a44a2bb23909', '11111111-1111-1111-1111-111111111111', '2026-03-27 10:29:49.048235+00', '2026-03-27 10:29:49.048235+00', NULL, 'aal1', NULL, NULL, 'node', '192.168.65.1', NULL, NULL, NULL, NULL, NULL),
	('bdef169d-0eaa-4937-a9a6-da03148200ec', '11111111-1111-1111-1111-111111111111', '2026-03-27 10:30:08.417802+00', '2026-03-27 10:30:08.417802+00', NULL, 'aal1', NULL, NULL, 'node', '192.168.65.1', NULL, NULL, NULL, NULL, NULL),
	('b4ab5d89-4065-4346-9d31-721d67f55815', '11111111-1111-1111-1111-111111111111', '2026-03-27 10:30:33.147204+00', '2026-03-27 10:30:33.147204+00', NULL, 'aal1', NULL, NULL, 'node', '192.168.65.1', NULL, NULL, NULL, NULL, NULL),
	('f0b2361a-5ead-4783-bb9e-35120a2d9c96', '11111111-1111-1111-1111-111111111111', '2026-03-27 10:30:58.063144+00', '2026-03-27 10:30:58.063144+00', NULL, 'aal1', NULL, NULL, 'node', '192.168.65.1', NULL, NULL, NULL, NULL, NULL),
	('e575b708-cbff-4943-8b23-6000028a23d2', '11111111-1111-1111-1111-111111111111', '2026-03-27 10:31:22.75415+00', '2026-03-27 10:31:22.75415+00', NULL, 'aal1', NULL, NULL, 'node', '192.168.65.1', NULL, NULL, NULL, NULL, NULL),
	('fbd12e5a-ef4c-41c1-9b1e-f47babfc7e34', '11111111-1111-1111-1111-111111111111', '2026-03-27 10:31:47.406258+00', '2026-03-27 10:31:47.406258+00', NULL, 'aal1', NULL, NULL, 'node', '192.168.65.1', NULL, NULL, NULL, NULL, NULL),
	('4cf7c7aa-7aa3-432c-9c95-9502f2ed29b0', '11111111-1111-1111-1111-111111111111', '2026-03-27 10:32:12.297224+00', '2026-03-27 10:32:12.297224+00', NULL, 'aal1', NULL, NULL, 'node', '192.168.65.1', NULL, NULL, NULL, NULL, NULL),
	('d77dc724-6497-415b-9ccc-4531564bd6f1', '11111111-1111-1111-1111-111111111111', '2026-03-27 10:32:36.977389+00', '2026-03-27 10:32:36.977389+00', NULL, 'aal1', NULL, NULL, 'node', '192.168.65.1', NULL, NULL, NULL, NULL, NULL),
	('1f2c5d41-5e12-4a7b-b6ab-66191a62f55d', '11111111-1111-1111-1111-111111111111', '2026-03-27 10:32:56.52929+00', '2026-03-27 10:32:56.52929+00', NULL, 'aal1', NULL, NULL, 'node', '192.168.65.1', NULL, NULL, NULL, NULL, NULL),
	('4c6b5e54-3ef9-454e-b6b2-13aaa0e8e929', '11111111-1111-1111-1111-111111111111', '2026-03-27 10:33:15.923703+00', '2026-03-27 10:33:15.923703+00', NULL, 'aal1', NULL, NULL, 'node', '192.168.65.1', NULL, NULL, NULL, NULL, NULL),
	('a07bbf34-4c16-40b2-832b-7a0b48db638e', '11111111-1111-1111-1111-111111111111', '2026-03-27 10:33:35.160744+00', '2026-03-27 10:33:35.160744+00', NULL, 'aal1', NULL, NULL, 'node', '192.168.65.1', NULL, NULL, NULL, NULL, NULL),
	('fb778602-70ff-4813-a7ad-43c338685634', '11111111-1111-1111-1111-111111111111', '2026-03-27 10:33:54.735458+00', '2026-03-27 10:33:54.735458+00', NULL, 'aal1', NULL, NULL, 'node', '192.168.65.1', NULL, NULL, NULL, NULL, NULL),
	('4d8c5503-7038-4305-96dc-03e21d8e0cd7', '11111111-1111-1111-1111-111111111111', '2026-03-27 10:34:14.069348+00', '2026-03-27 10:34:14.069348+00', NULL, 'aal1', NULL, NULL, 'node', '192.168.65.1', NULL, NULL, NULL, NULL, NULL),
	('6bbc6334-217e-47ec-8b86-6c3ebe986ae8', '11111111-1111-1111-1111-111111111111', '2026-03-27 10:34:33.343517+00', '2026-03-27 10:34:33.343517+00', NULL, 'aal1', NULL, NULL, 'node', '192.168.65.1', NULL, NULL, NULL, NULL, NULL),
	('3eaba181-4386-43c3-b880-433792271e88', '11111111-1111-1111-1111-111111111111', '2026-03-27 10:34:53.167983+00', '2026-03-27 10:34:53.167983+00', NULL, 'aal1', NULL, NULL, 'node', '192.168.65.1', NULL, NULL, NULL, NULL, NULL),
	('5cfa1de4-7465-45bc-b761-8ee85618bade', '11111111-1111-1111-1111-111111111111', '2026-03-27 10:35:54.472935+00', '2026-03-27 10:35:54.472935+00', NULL, 'aal1', NULL, NULL, 'node', '192.168.65.1', NULL, NULL, NULL, NULL, NULL),
	('5c3ac327-7875-4dfa-b184-9a273c1b5e32', '11111111-1111-1111-1111-111111111111', '2026-03-27 10:36:31.538306+00', '2026-03-27 10:36:31.538306+00', NULL, 'aal1', NULL, NULL, 'node', '192.168.65.1', NULL, NULL, NULL, NULL, NULL),
	('40fe3596-7edf-424b-83e3-cdc3179a6b42', '11111111-1111-1111-1111-111111111111', '2026-03-27 10:36:35.204611+00', '2026-03-27 10:36:35.204611+00', NULL, 'aal1', NULL, NULL, 'node', '192.168.65.1', NULL, NULL, NULL, NULL, NULL),
	('4e5a6d31-ca99-4cac-9c3e-e13ca097788d', '11111111-1111-1111-1111-111111111111', '2026-03-27 10:36:38.979787+00', '2026-03-27 10:36:38.979787+00', NULL, 'aal1', NULL, NULL, 'node', '192.168.65.1', NULL, NULL, NULL, NULL, NULL),
	('ebfcb748-3a9a-4487-91d8-1284ad25e017', '11111111-1111-1111-1111-111111111111', '2026-03-27 10:36:42.580353+00', '2026-03-27 10:36:42.580353+00', NULL, 'aal1', NULL, NULL, 'node', '192.168.65.1', NULL, NULL, NULL, NULL, NULL),
	('b92c4345-40d9-4184-bd49-4d7b43934f90', '11111111-1111-1111-1111-111111111111', '2026-03-27 10:36:48.62655+00', '2026-03-27 10:36:48.62655+00', NULL, 'aal1', NULL, NULL, 'node', '192.168.65.1', NULL, NULL, NULL, NULL, NULL),
	('ec326f9b-9894-4b68-bf10-21c233e84922', '11111111-1111-1111-1111-111111111111', '2026-03-27 10:37:16.722512+00', '2026-03-27 10:37:16.722512+00', NULL, 'aal1', NULL, NULL, 'node', '192.168.65.1', NULL, NULL, NULL, NULL, NULL),
	('fb45e14a-372b-4ba2-baf4-2842a43d7d53', '11111111-1111-1111-1111-111111111111', '2026-03-27 10:37:20.517718+00', '2026-03-27 10:37:20.517718+00', NULL, 'aal1', NULL, NULL, 'node', '192.168.65.1', NULL, NULL, NULL, NULL, NULL),
	('c8cf460d-8cda-43a3-aad2-903f0dc5835f', '11111111-1111-1111-1111-111111111111', '2026-03-27 10:37:24.162856+00', '2026-03-27 10:37:24.162856+00', NULL, 'aal1', NULL, NULL, 'node', '192.168.65.1', NULL, NULL, NULL, NULL, NULL),
	('2daec2f4-a672-4242-af0b-093b435fe176', 'e2e00000-0000-0000-0000-000000000001', '2026-03-27 10:50:56.681311+00', '2026-03-27 10:50:56.681311+00', NULL, 'aal1', NULL, NULL, 'Mozilla/5.0 (Windows NT 10.0; Win64; x64) AppleWebKit/537.36 (KHTML, like Gecko) Chrome/145.0.7632.6 Safari/537.36', '192.168.65.1', NULL, NULL, NULL, NULL, NULL),
	('52cb0358-4eb3-4170-bac7-95a74e659a9b', '11111111-1111-1111-1111-111111111111', '2026-03-27 10:50:59.836427+00', '2026-03-27 10:50:59.836427+00', NULL, 'aal1', NULL, NULL, 'node', '192.168.65.1', NULL, NULL, NULL, NULL, NULL),
	('26248e6c-26b7-4cc2-ba8c-4ace748bc4eb', '11111111-1111-1111-1111-111111111111', '2026-03-27 10:51:03.718587+00', '2026-03-27 10:51:03.718587+00', NULL, 'aal1', NULL, NULL, 'node', '192.168.65.1', NULL, NULL, NULL, NULL, NULL),
	('231af79a-ecda-4d23-a314-3af776511638', '11111111-1111-1111-1111-111111111111', '2026-03-27 10:51:07.204885+00', '2026-03-27 10:51:07.204885+00', NULL, 'aal1', NULL, NULL, 'node', '192.168.65.1', NULL, NULL, NULL, NULL, NULL),
	('128f4f25-d386-4208-836a-1a31d262b5dc', 'e2e00000-0000-0000-0000-000000000001', '2026-03-27 10:52:37.353846+00', '2026-03-27 10:52:37.353846+00', NULL, 'aal1', NULL, NULL, 'Mozilla/5.0 (Windows NT 10.0; Win64; x64) AppleWebKit/537.36 (KHTML, like Gecko) Chrome/145.0.7632.6 Safari/537.36', '192.168.65.1', NULL, NULL, NULL, NULL, NULL),
	('1b0b16b4-3d3b-408a-a8f1-d2c1d5004b33', '11111111-1111-1111-1111-111111111111', '2026-03-27 10:52:40.515377+00', '2026-03-27 10:52:40.515377+00', NULL, 'aal1', NULL, NULL, 'node', '192.168.65.1', NULL, NULL, NULL, NULL, NULL),
	('60b0d012-b66b-4a71-9146-048cb6880bb7', '11111111-1111-1111-1111-111111111111', '2026-03-27 10:52:44.301618+00', '2026-03-27 10:52:44.301618+00', NULL, 'aal1', NULL, NULL, 'node', '192.168.65.1', NULL, NULL, NULL, NULL, NULL),
	('72de5cbc-1ac0-4775-8b76-5eb1a07bf005', '11111111-1111-1111-1111-111111111111', '2026-03-27 10:52:47.908504+00', '2026-03-27 10:52:47.908504+00', NULL, 'aal1', NULL, NULL, 'node', '192.168.65.1', NULL, NULL, NULL, NULL, NULL),
	('3999d575-cfc0-488b-a902-7c118c0fc0e5', '903f4a40-a978-4f70-be78-a0f65e5a4742', '2026-03-27 11:11:40.928296+00', '2026-03-27 11:11:40.928296+00', NULL, 'aal1', NULL, NULL, 'Mozilla/5.0 (Macintosh; Intel Mac OS X 10_15_7) AppleWebKit/537.36 (KHTML, like Gecko) Chrome/146.0.0.0 Safari/537.36', '192.168.65.1', NULL, NULL, NULL, NULL, NULL),
	('ae9838e7-d8e3-4a6d-90ef-52b4608a5590', '0b3e2039-d416-4bd0-808f-02373260986f', '2026-03-27 11:15:59.763515+00', '2026-03-27 11:15:59.763515+00', NULL, 'aal1', NULL, NULL, 'Mozilla/5.0 (Macintosh; Intel Mac OS X 10_15_7) AppleWebKit/605.1.15 (KHTML, like Gecko) Version/26.3.1 Safari/605.1.15', '192.168.65.1', NULL, NULL, NULL, NULL, NULL),
	('2e2398c5-3edf-4adc-b404-52b1957cb4d2', 'dbe2fc0d-95ec-4fa1-a8b6-1efa121cd037', '2026-03-27 11:17:00.420517+00', '2026-03-27 11:17:00.420517+00', NULL, 'aal1', NULL, NULL, 'Mozilla/5.0 (Macintosh; Intel Mac OS X 10_15_7) AppleWebKit/537.36 (KHTML, like Gecko) Chrome/146.0.0.0 Safari/537.36', '192.168.65.1', NULL, NULL, NULL, NULL, NULL),
	('7fba386e-80a0-451c-9493-b7df82b58e68', '70e1756f-ec5f-40bd-99cd-af5a6834071d', '2026-03-27 11:19:52.035494+00', '2026-03-27 12:18:09.632685+00', NULL, 'aal1', NULL, '2026-03-27 12:18:09.632662', 'Mozilla/5.0 (Macintosh; Intel Mac OS X 10_15_7) AppleWebKit/605.1.15 (KHTML, like Gecko) Version/26.3.1 Safari/605.1.15', '192.168.65.1', NULL, NULL, NULL, NULL, NULL),
	('47736eb6-7962-4bd5-be91-451d2ba49f2c', 'dbe2fc0d-95ec-4fa1-a8b6-1efa121cd037', '2026-03-27 11:26:20.866323+00', '2026-03-27 12:27:58.797182+00', NULL, 'aal1', NULL, '2026-03-27 12:27:58.797151', 'Mozilla/5.0 (Macintosh; Intel Mac OS X 10_15_7) AppleWebKit/537.36 (KHTML, like Gecko) Chrome/146.0.0.0 Safari/537.36', '192.168.65.1', NULL, NULL, NULL, NULL, NULL),
	('953268b7-5a9c-4baa-bb83-f636ca866a50', '70e1756f-ec5f-40bd-99cd-af5a6834071d', '2026-03-27 13:01:44.322415+00', '2026-03-27 13:01:44.322415+00', NULL, 'aal1', NULL, NULL, 'Mozilla/5.0 (Macintosh; Intel Mac OS X 10_15_7) AppleWebKit/605.1.15 (KHTML, like Gecko) Version/26.3.1 Safari/605.1.15', '192.168.65.1', NULL, NULL, NULL, NULL, NULL);


--
-- Data for Name: mfa_amr_claims; Type: TABLE DATA; Schema: auth; Owner: supabase_auth_admin
--

INSERT INTO "auth"."mfa_amr_claims" ("session_id", "created_at", "updated_at", "authentication_method", "id") VALUES
	('453be195-d422-432d-b25d-9181a963bc56', '2026-03-27 08:14:06.516926+00', '2026-03-27 08:14:06.516926+00', 'password', 'e20a2015-2b01-4dd6-b7e3-7b8541efd69d'),
	('7c0b512f-945b-4afc-ad16-617ce3bae3f0', '2026-03-27 08:14:23.507796+00', '2026-03-27 08:14:23.507796+00', 'password', '5cefc55b-9eb4-4d19-967f-94ae50604be7'),
	('1e7dcd00-3178-4f0e-8c1c-09c91e17ab36', '2026-03-27 08:16:30.646394+00', '2026-03-27 08:16:30.646394+00', 'password', 'dcebfeda-cddd-4060-b5ce-d67217f97f90'),
	('8b86e197-730f-4b3a-8fbd-243ec2c135b2', '2026-03-27 08:16:55.157462+00', '2026-03-27 08:16:55.157462+00', 'password', 'a72c8c1f-7f06-47a8-94fd-c6412359e9fd'),
	('30ee3bbd-a53a-404d-b6f7-6217c56b2d29', '2026-03-27 08:20:27.19331+00', '2026-03-27 08:20:27.19331+00', 'password', '9840c998-71cd-404b-9f4e-faf83f21db77'),
	('65861192-e032-4f69-b349-0e22c9a1b597', '2026-03-27 08:20:45.10441+00', '2026-03-27 08:20:45.10441+00', 'password', '7262f4a9-fabe-4d61-ac07-0aa10cc16fb4'),
	('f617709c-7f1e-44a7-abd7-47c16e882654', '2026-03-27 08:24:37.305281+00', '2026-03-27 08:24:37.305281+00', 'password', 'f04bc04d-5d7a-428d-a28e-22fccd3e99ac'),
	('93583a50-76f2-4072-be4a-a4cfac8453ee', '2026-03-27 09:15:05.846322+00', '2026-03-27 09:15:05.846322+00', 'password', 'cb4b1828-56cc-4587-a4d7-edfd9b913103'),
	('a29b02b3-2567-46f4-80bc-f662d92bd7c9', '2026-03-27 09:40:41.639854+00', '2026-03-27 09:40:41.639854+00', 'password', 'bc41a588-c4c8-45fb-a3d0-8c171874d2f1'),
	('e500d4a7-7dd4-4fc6-8b86-e6354982886f', '2026-03-27 10:28:39.86141+00', '2026-03-27 10:28:39.86141+00', 'password', 'b19622e7-d016-4418-8760-0ea89bfe9d6b'),
	('704f0155-f008-42c8-86c8-360163bbc9e3', '2026-03-27 10:29:04.546205+00', '2026-03-27 10:29:04.546205+00', 'password', '39db11f3-9f6d-429f-bafa-3ba8c0b8d99f'),
	('eae10d57-f8ce-4930-8532-ecb74f3932c2', '2026-03-27 10:29:29.367656+00', '2026-03-27 10:29:29.367656+00', 'password', '4af9e8d6-e67b-4923-9c15-a22ece294053'),
	('a8402fa2-04ea-4121-8737-a44a2bb23909', '2026-03-27 10:29:49.049718+00', '2026-03-27 10:29:49.049718+00', 'password', '5ec0324e-d9b9-4e6e-9aa1-3aa85d45e7e1'),
	('bdef169d-0eaa-4937-a9a6-da03148200ec', '2026-03-27 10:30:08.419609+00', '2026-03-27 10:30:08.419609+00', 'password', '7413dbb9-2c35-48b4-978b-ed66811fef7e'),
	('b4ab5d89-4065-4346-9d31-721d67f55815', '2026-03-27 10:30:33.149141+00', '2026-03-27 10:30:33.149141+00', 'password', '46ee9b0c-c1cc-4d12-9d04-1e5530560c3c'),
	('f0b2361a-5ead-4783-bb9e-35120a2d9c96', '2026-03-27 10:30:58.065133+00', '2026-03-27 10:30:58.065133+00', 'password', '2be76d56-7adf-4242-a430-d24486108f63'),
	('e575b708-cbff-4943-8b23-6000028a23d2', '2026-03-27 10:31:22.75596+00', '2026-03-27 10:31:22.75596+00', 'password', 'a7d9de71-d7ed-478c-9d2a-5a4a53b5ab53'),
	('fbd12e5a-ef4c-41c1-9b1e-f47babfc7e34', '2026-03-27 10:31:47.408286+00', '2026-03-27 10:31:47.408286+00', 'password', '4234af35-bfaf-4371-b6d4-f635d0d6f062'),
	('4cf7c7aa-7aa3-432c-9c95-9502f2ed29b0', '2026-03-27 10:32:12.29943+00', '2026-03-27 10:32:12.29943+00', 'password', 'caac24bb-2b82-428b-8988-81c89717f6dc'),
	('d77dc724-6497-415b-9ccc-4531564bd6f1', '2026-03-27 10:32:36.981134+00', '2026-03-27 10:32:36.981134+00', 'password', 'dedb421c-e994-4048-8e07-d2e1d68fdd92'),
	('1f2c5d41-5e12-4a7b-b6ab-66191a62f55d', '2026-03-27 10:32:56.531248+00', '2026-03-27 10:32:56.531248+00', 'password', '98e1a547-08dd-4ad0-a1d6-1e42f3371a6c'),
	('4c6b5e54-3ef9-454e-b6b2-13aaa0e8e929', '2026-03-27 10:33:15.925129+00', '2026-03-27 10:33:15.925129+00', 'password', '6f101393-92fe-4494-b697-82f8de6caac0'),
	('a07bbf34-4c16-40b2-832b-7a0b48db638e', '2026-03-27 10:33:35.16246+00', '2026-03-27 10:33:35.16246+00', 'password', 'fe2d5f5e-362e-4b62-bee4-647e35e1ea69'),
	('fb778602-70ff-4813-a7ad-43c338685634', '2026-03-27 10:33:54.737845+00', '2026-03-27 10:33:54.737845+00', 'password', '57745480-7d0d-415f-8f40-fd895a36ff7e'),
	('4d8c5503-7038-4305-96dc-03e21d8e0cd7', '2026-03-27 10:34:14.07134+00', '2026-03-27 10:34:14.07134+00', 'password', 'bfa5d3c3-3f5d-4c80-a189-a73e2f547409'),
	('6bbc6334-217e-47ec-8b86-6c3ebe986ae8', '2026-03-27 10:34:33.345306+00', '2026-03-27 10:34:33.345306+00', 'password', 'cd472066-7f48-4885-b96a-e7acbc73bf9c'),
	('3eaba181-4386-43c3-b880-433792271e88', '2026-03-27 10:34:53.16996+00', '2026-03-27 10:34:53.16996+00', 'password', 'b5df812a-b74c-4a84-a5c2-487c1a66da04'),
	('5cfa1de4-7465-45bc-b761-8ee85618bade', '2026-03-27 10:35:54.474737+00', '2026-03-27 10:35:54.474737+00', 'password', '5d4dab53-1571-4a55-ab7a-deb914ff2eab'),
	('5c3ac327-7875-4dfa-b184-9a273c1b5e32', '2026-03-27 10:36:31.539909+00', '2026-03-27 10:36:31.539909+00', 'password', '9998d404-c93e-4590-ab9f-6f02f1bbcae2'),
	('40fe3596-7edf-424b-83e3-cdc3179a6b42', '2026-03-27 10:36:35.2068+00', '2026-03-27 10:36:35.2068+00', 'password', 'ddcef20e-f814-48a2-92a0-c3486decc8b1'),
	('4e5a6d31-ca99-4cac-9c3e-e13ca097788d', '2026-03-27 10:36:38.981461+00', '2026-03-27 10:36:38.981461+00', 'password', '0a1631b1-e9d0-4d4d-a892-b255abdc70f7'),
	('ebfcb748-3a9a-4487-91d8-1284ad25e017', '2026-03-27 10:36:42.583137+00', '2026-03-27 10:36:42.583137+00', 'password', '250fa68b-2bc1-478b-b76b-8ccafde215b6'),
	('b92c4345-40d9-4184-bd49-4d7b43934f90', '2026-03-27 10:36:48.628611+00', '2026-03-27 10:36:48.628611+00', 'password', 'a6b18212-fa29-4fde-ae0a-de17a3a560d9'),
	('ec326f9b-9894-4b68-bf10-21c233e84922', '2026-03-27 10:37:16.725754+00', '2026-03-27 10:37:16.725754+00', 'password', '91d81853-bff8-43b1-8869-dbb448cd1bbf'),
	('fb45e14a-372b-4ba2-baf4-2842a43d7d53', '2026-03-27 10:37:20.519627+00', '2026-03-27 10:37:20.519627+00', 'password', '2699987a-6b9c-40fc-9db9-535b30059c1e'),
	('c8cf460d-8cda-43a3-aad2-903f0dc5835f', '2026-03-27 10:37:24.165103+00', '2026-03-27 10:37:24.165103+00', 'password', 'fd6bd0af-df40-4348-923f-6626a1af4d16'),
	('2daec2f4-a672-4242-af0b-093b435fe176', '2026-03-27 10:50:56.682974+00', '2026-03-27 10:50:56.682974+00', 'password', '85497b2b-7d78-4ca8-aeeb-bd7fef7fe425'),
	('52cb0358-4eb3-4170-bac7-95a74e659a9b', '2026-03-27 10:50:59.838159+00', '2026-03-27 10:50:59.838159+00', 'password', 'c154f7b3-de98-40cf-80e3-95564a1479e5'),
	('26248e6c-26b7-4cc2-ba8c-4ace748bc4eb', '2026-03-27 10:51:03.720437+00', '2026-03-27 10:51:03.720437+00', 'password', 'c387fbbb-24b6-4702-a845-f004dc50fc8d'),
	('231af79a-ecda-4d23-a314-3af776511638', '2026-03-27 10:51:07.207251+00', '2026-03-27 10:51:07.207251+00', 'password', '0a603772-9e75-4a9b-9bdd-399483739559'),
	('128f4f25-d386-4208-836a-1a31d262b5dc', '2026-03-27 10:52:37.355471+00', '2026-03-27 10:52:37.355471+00', 'password', '6f1227ee-c013-4f9d-afdc-58106b27f57d'),
	('1b0b16b4-3d3b-408a-a8f1-d2c1d5004b33', '2026-03-27 10:52:40.51734+00', '2026-03-27 10:52:40.51734+00', 'password', '7c6d40ef-9a1f-4f7c-86ea-bccf836d5705'),
	('60b0d012-b66b-4a71-9146-048cb6880bb7', '2026-03-27 10:52:44.303613+00', '2026-03-27 10:52:44.303613+00', 'password', 'c45ce211-895d-4e02-9d23-3c4ab1e05829'),
	('72de5cbc-1ac0-4775-8b76-5eb1a07bf005', '2026-03-27 10:52:47.910228+00', '2026-03-27 10:52:47.910228+00', 'password', '17311c8d-4bc1-4142-a6fb-d220d9d37cec'),
	('3999d575-cfc0-488b-a902-7c118c0fc0e5', '2026-03-27 11:11:40.930063+00', '2026-03-27 11:11:40.930063+00', 'password', 'dc009eea-9dd2-44e2-a0c8-efb3a77ce5f9'),
	('ae9838e7-d8e3-4a6d-90ef-52b4608a5590', '2026-03-27 11:15:59.765457+00', '2026-03-27 11:15:59.765457+00', 'password', '07487b7a-babd-4e98-b2c7-29c00112500f'),
	('2e2398c5-3edf-4adc-b404-52b1957cb4d2', '2026-03-27 11:17:00.422633+00', '2026-03-27 11:17:00.422633+00', 'password', 'c2ea2c8a-16ae-4253-9d21-b1440f2450e3'),
	('7fba386e-80a0-451c-9493-b7df82b58e68', '2026-03-27 11:19:52.037342+00', '2026-03-27 11:19:52.037342+00', 'password', '4125aaf2-5765-489d-8fee-b131ff7e44f2'),
	('47736eb6-7962-4bd5-be91-451d2ba49f2c', '2026-03-27 11:26:20.867969+00', '2026-03-27 11:26:20.867969+00', 'password', '656e3f76-f3d7-4ded-9a48-a755ef67b770'),
	('953268b7-5a9c-4baa-bb83-f636ca866a50', '2026-03-27 13:01:44.326738+00', '2026-03-27 13:01:44.326738+00', 'password', '0cffb1e7-1a63-459e-a144-20bf57f3f7d2');


--
-- Data for Name: mfa_factors; Type: TABLE DATA; Schema: auth; Owner: supabase_auth_admin
--



--
-- Data for Name: mfa_challenges; Type: TABLE DATA; Schema: auth; Owner: supabase_auth_admin
--



--
-- Data for Name: oauth_authorizations; Type: TABLE DATA; Schema: auth; Owner: supabase_auth_admin
--



--
-- Data for Name: oauth_client_states; Type: TABLE DATA; Schema: auth; Owner: supabase_auth_admin
--



--
-- Data for Name: oauth_consents; Type: TABLE DATA; Schema: auth; Owner: supabase_auth_admin
--



--
-- Data for Name: one_time_tokens; Type: TABLE DATA; Schema: auth; Owner: supabase_auth_admin
--



--
-- Data for Name: refresh_tokens; Type: TABLE DATA; Schema: auth; Owner: supabase_auth_admin
--

INSERT INTO "auth"."refresh_tokens" ("instance_id", "id", "token", "user_id", "revoked", "created_at", "updated_at", "parent", "session_id") VALUES
	('00000000-0000-0000-0000-000000000000', 54, 'jmvy6tkpow3f', 'e2e00000-0000-0000-0000-000000000001', false, '2026-03-27 09:40:41.638719+00', '2026-03-27 09:40:41.638719+00', NULL, 'a29b02b3-2567-46f4-80bc-f662d92bd7c9'),
	('00000000-0000-0000-0000-000000000000', 61, 'y5hgw2ota6so', '11111111-1111-1111-1111-111111111111', false, '2026-03-27 10:28:39.860307+00', '2026-03-27 10:28:39.860307+00', NULL, 'e500d4a7-7dd4-4fc6-8b86-e6354982886f'),
	('00000000-0000-0000-0000-000000000000', 62, 'un5aboa2u6zu', '11111111-1111-1111-1111-111111111111', false, '2026-03-27 10:29:04.545152+00', '2026-03-27 10:29:04.545152+00', NULL, '704f0155-f008-42c8-86c8-360163bbc9e3'),
	('00000000-0000-0000-0000-000000000000', 63, 'dcs2sx5zetjg', '11111111-1111-1111-1111-111111111111', false, '2026-03-27 10:29:29.36656+00', '2026-03-27 10:29:29.36656+00', NULL, 'eae10d57-f8ce-4930-8532-ecb74f3932c2'),
	('00000000-0000-0000-0000-000000000000', 64, '42ilclkvlxij', '11111111-1111-1111-1111-111111111111', false, '2026-03-27 10:29:49.049095+00', '2026-03-27 10:29:49.049095+00', NULL, 'a8402fa2-04ea-4121-8737-a44a2bb23909'),
	('00000000-0000-0000-0000-000000000000', 65, '7v75zkwoov3w', '11111111-1111-1111-1111-111111111111', false, '2026-03-27 10:30:08.418826+00', '2026-03-27 10:30:08.418826+00', NULL, 'bdef169d-0eaa-4937-a9a6-da03148200ec'),
	('00000000-0000-0000-0000-000000000000', 66, 'lvpfgzmmprva', '11111111-1111-1111-1111-111111111111', false, '2026-03-27 10:30:33.148289+00', '2026-03-27 10:30:33.148289+00', NULL, 'b4ab5d89-4065-4346-9d31-721d67f55815'),
	('00000000-0000-0000-0000-000000000000', 67, 'ykwo6jaoh3vm', '11111111-1111-1111-1111-111111111111', false, '2026-03-27 10:30:58.064144+00', '2026-03-27 10:30:58.064144+00', NULL, 'f0b2361a-5ead-4783-bb9e-35120a2d9c96'),
	('00000000-0000-0000-0000-000000000000', 68, 'lq57es4mg3sh', '11111111-1111-1111-1111-111111111111', false, '2026-03-27 10:31:22.755129+00', '2026-03-27 10:31:22.755129+00', NULL, 'e575b708-cbff-4943-8b23-6000028a23d2'),
	('00000000-0000-0000-0000-000000000000', 69, 'k2k3mdxnpc5e', '11111111-1111-1111-1111-111111111111', false, '2026-03-27 10:31:47.407239+00', '2026-03-27 10:31:47.407239+00', NULL, 'fbd12e5a-ef4c-41c1-9b1e-f47babfc7e34'),
	('00000000-0000-0000-0000-000000000000', 70, 'ugqdkymgqygz', '11111111-1111-1111-1111-111111111111', false, '2026-03-27 10:32:12.298478+00', '2026-03-27 10:32:12.298478+00', NULL, '4cf7c7aa-7aa3-432c-9c95-9502f2ed29b0'),
	('00000000-0000-0000-0000-000000000000', 71, 'xmvnismydupd', '11111111-1111-1111-1111-111111111111', false, '2026-03-27 10:32:36.978578+00', '2026-03-27 10:32:36.978578+00', NULL, 'd77dc724-6497-415b-9ccc-4531564bd6f1'),
	('00000000-0000-0000-0000-000000000000', 72, 'hm3zwcnu2qid', '11111111-1111-1111-1111-111111111111', false, '2026-03-27 10:32:56.530408+00', '2026-03-27 10:32:56.530408+00', NULL, '1f2c5d41-5e12-4a7b-b6ab-66191a62f55d'),
	('00000000-0000-0000-0000-000000000000', 73, 'vgnagun56y3n', '11111111-1111-1111-1111-111111111111', false, '2026-03-27 10:33:15.924545+00', '2026-03-27 10:33:15.924545+00', NULL, '4c6b5e54-3ef9-454e-b6b2-13aaa0e8e929'),
	('00000000-0000-0000-0000-000000000000', 74, 'yjsgazxwxhqy', '11111111-1111-1111-1111-111111111111', false, '2026-03-27 10:33:35.161752+00', '2026-03-27 10:33:35.161752+00', NULL, 'a07bbf34-4c16-40b2-832b-7a0b48db638e'),
	('00000000-0000-0000-0000-000000000000', 75, '6v3atrxbttx5', '11111111-1111-1111-1111-111111111111', false, '2026-03-27 10:33:54.736715+00', '2026-03-27 10:33:54.736715+00', NULL, 'fb778602-70ff-4813-a7ad-43c338685634'),
	('00000000-0000-0000-0000-000000000000', 76, 'shjms5q4vsxe', '11111111-1111-1111-1111-111111111111', false, '2026-03-27 10:34:14.070433+00', '2026-03-27 10:34:14.070433+00', NULL, '4d8c5503-7038-4305-96dc-03e21d8e0cd7'),
	('00000000-0000-0000-0000-000000000000', 77, 'tqfc4m2tr45l', '11111111-1111-1111-1111-111111111111', false, '2026-03-27 10:34:33.344488+00', '2026-03-27 10:34:33.344488+00', NULL, '6bbc6334-217e-47ec-8b86-6c3ebe986ae8'),
	('00000000-0000-0000-0000-000000000000', 78, '3xqr4pmz2u2t', '11111111-1111-1111-1111-111111111111', false, '2026-03-27 10:34:53.169127+00', '2026-03-27 10:34:53.169127+00', NULL, '3eaba181-4386-43c3-b880-433792271e88'),
	('00000000-0000-0000-0000-000000000000', 79, '4b5gyvutex6l', '11111111-1111-1111-1111-111111111111', false, '2026-03-27 10:35:54.473817+00', '2026-03-27 10:35:54.473817+00', NULL, '5cfa1de4-7465-45bc-b761-8ee85618bade'),
	('00000000-0000-0000-0000-000000000000', 80, 'tf45ijezexob', '11111111-1111-1111-1111-111111111111', false, '2026-03-27 10:36:31.53919+00', '2026-03-27 10:36:31.53919+00', NULL, '5c3ac327-7875-4dfa-b184-9a273c1b5e32'),
	('00000000-0000-0000-0000-000000000000', 81, '3fvo7ovnajie', '11111111-1111-1111-1111-111111111111', false, '2026-03-27 10:36:35.205977+00', '2026-03-27 10:36:35.205977+00', NULL, '40fe3596-7edf-424b-83e3-cdc3179a6b42'),
	('00000000-0000-0000-0000-000000000000', 82, '6n25nifhlw5h', '11111111-1111-1111-1111-111111111111', false, '2026-03-27 10:36:38.980594+00', '2026-03-27 10:36:38.980594+00', NULL, '4e5a6d31-ca99-4cac-9c3e-e13ca097788d'),
	('00000000-0000-0000-0000-000000000000', 83, '4qxahiiyvpv2', '11111111-1111-1111-1111-111111111111', false, '2026-03-27 10:36:42.582333+00', '2026-03-27 10:36:42.582333+00', NULL, 'ebfcb748-3a9a-4487-91d8-1284ad25e017'),
	('00000000-0000-0000-0000-000000000000', 84, '3mkkmjbmsgj4', '11111111-1111-1111-1111-111111111111', false, '2026-03-27 10:36:48.62769+00', '2026-03-27 10:36:48.62769+00', NULL, 'b92c4345-40d9-4184-bd49-4d7b43934f90'),
	('00000000-0000-0000-0000-000000000000', 85, 'qwc6r7t3evww', '11111111-1111-1111-1111-111111111111', false, '2026-03-27 10:37:16.723524+00', '2026-03-27 10:37:16.723524+00', NULL, 'ec326f9b-9894-4b68-bf10-21c233e84922'),
	('00000000-0000-0000-0000-000000000000', 86, 'k7enmesdglez', '11111111-1111-1111-1111-111111111111', false, '2026-03-27 10:37:20.518736+00', '2026-03-27 10:37:20.518736+00', NULL, 'fb45e14a-372b-4ba2-baf4-2842a43d7d53'),
	('00000000-0000-0000-0000-000000000000', 87, 'unp3uog4xc6m', '11111111-1111-1111-1111-111111111111', false, '2026-03-27 10:37:24.164156+00', '2026-03-27 10:37:24.164156+00', NULL, 'c8cf460d-8cda-43a3-aad2-903f0dc5835f'),
	('00000000-0000-0000-0000-000000000000', 89, '26sgj6cgeb32', 'e2e00000-0000-0000-0000-000000000001', false, '2026-03-27 10:50:56.682263+00', '2026-03-27 10:50:56.682263+00', NULL, '2daec2f4-a672-4242-af0b-093b435fe176'),
	('00000000-0000-0000-0000-000000000000', 90, 'sja3qzvwc3px', '11111111-1111-1111-1111-111111111111', false, '2026-03-27 10:50:59.837272+00', '2026-03-27 10:50:59.837272+00', NULL, '52cb0358-4eb3-4170-bac7-95a74e659a9b'),
	('00000000-0000-0000-0000-000000000000', 91, 'syycgp3anpdy', '11111111-1111-1111-1111-111111111111', false, '2026-03-27 10:51:03.719589+00', '2026-03-27 10:51:03.719589+00', NULL, '26248e6c-26b7-4cc2-ba8c-4ace748bc4eb'),
	('00000000-0000-0000-0000-000000000000', 92, 'oyvz4ufo22kk', '11111111-1111-1111-1111-111111111111', false, '2026-03-27 10:51:07.206119+00', '2026-03-27 10:51:07.206119+00', NULL, '231af79a-ecda-4d23-a314-3af776511638'),
	('00000000-0000-0000-0000-000000000000', 32, 'bjdacffoq7rm', '8f49c38f-e9e7-4d9d-985a-82f4d89e36cb', false, '2026-03-27 08:14:06.51583+00', '2026-03-27 08:14:06.51583+00', NULL, '453be195-d422-432d-b25d-9181a963bc56'),
	('00000000-0000-0000-0000-000000000000', 33, 'wrru7t7u2jc3', '2f997f45-26b2-4115-bf05-bb04f9f7a830', false, '2026-03-27 08:14:23.507156+00', '2026-03-27 08:14:23.507156+00', NULL, '7c0b512f-945b-4afc-ad16-617ce3bae3f0'),
	('00000000-0000-0000-0000-000000000000', 34, 'yqksenhbdmmw', 'edb2466a-c84b-4d9f-825b-c654eb326e91', false, '2026-03-27 08:16:30.645804+00', '2026-03-27 08:16:30.645804+00', NULL, '1e7dcd00-3178-4f0e-8c1c-09c91e17ab36'),
	('00000000-0000-0000-0000-000000000000', 35, 'uevzm5congtl', 'a48e0b45-de87-4aa3-9e2d-12e009ca8836', false, '2026-03-27 08:16:55.156633+00', '2026-03-27 08:16:55.156633+00', NULL, '8b86e197-730f-4b3a-8fbd-243ec2c135b2'),
	('00000000-0000-0000-0000-000000000000', 36, 'zujvcq5sasxk', '48c1ce56-5ff8-4d08-b371-7e5714528abf', false, '2026-03-27 08:20:27.192441+00', '2026-03-27 08:20:27.192441+00', NULL, '30ee3bbd-a53a-404d-b6f7-6217c56b2d29'),
	('00000000-0000-0000-0000-000000000000', 37, '5c3tueiov5er', '38516e25-b3d2-485c-9b59-7ec00ee27ac4', false, '2026-03-27 08:20:45.103771+00', '2026-03-27 08:20:45.103771+00', NULL, '65861192-e032-4f69-b349-0e22c9a1b597'),
	('00000000-0000-0000-0000-000000000000', 38, 'ctvvrgyclwyo', 'b1aee204-852a-47ed-859f-3c0b1f0dc3d7', false, '2026-03-27 08:24:37.304454+00', '2026-03-27 08:24:37.304454+00', NULL, 'f617709c-7f1e-44a7-abd7-47c16e882654'),
	('00000000-0000-0000-0000-000000000000', 95, 'aqkq6brtirm2', 'e2e00000-0000-0000-0000-000000000001', false, '2026-03-27 10:52:37.354667+00', '2026-03-27 10:52:37.354667+00', NULL, '128f4f25-d386-4208-836a-1a31d262b5dc'),
	('00000000-0000-0000-0000-000000000000', 96, 'tfmiqgqij5m2', '11111111-1111-1111-1111-111111111111', false, '2026-03-27 10:52:40.516362+00', '2026-03-27 10:52:40.516362+00', NULL, '1b0b16b4-3d3b-408a-a8f1-d2c1d5004b33'),
	('00000000-0000-0000-0000-000000000000', 97, 'upsf77sivwbo', '11111111-1111-1111-1111-111111111111', false, '2026-03-27 10:52:44.302529+00', '2026-03-27 10:52:44.302529+00', NULL, '60b0d012-b66b-4a71-9146-048cb6880bb7'),
	('00000000-0000-0000-0000-000000000000', 42, 'lufokdl3abmx', 'e2e00000-0000-0000-0000-000000000001', false, '2026-03-27 09:15:05.845311+00', '2026-03-27 09:15:05.845311+00', NULL, '93583a50-76f2-4072-be4a-a4cfac8453ee'),
	('00000000-0000-0000-0000-000000000000', 98, 'mhoh4qxzad72', '11111111-1111-1111-1111-111111111111', false, '2026-03-27 10:52:47.90948+00', '2026-03-27 10:52:47.90948+00', NULL, '72de5cbc-1ac0-4775-8b76-5eb1a07bf005'),
	('00000000-0000-0000-0000-000000000000', 99, 'o23xw44n7hd5', '903f4a40-a978-4f70-be78-a0f65e5a4742', false, '2026-03-27 11:11:40.929267+00', '2026-03-27 11:11:40.929267+00', NULL, '3999d575-cfc0-488b-a902-7c118c0fc0e5'),
	('00000000-0000-0000-0000-000000000000', 101, 'lqzw65lubvoa', '0b3e2039-d416-4bd0-808f-02373260986f', false, '2026-03-27 11:15:59.764514+00', '2026-03-27 11:15:59.764514+00', NULL, 'ae9838e7-d8e3-4a6d-90ef-52b4608a5590'),
	('00000000-0000-0000-0000-000000000000', 102, 's3wbwkjwdskp', 'dbe2fc0d-95ec-4fa1-a8b6-1efa121cd037', false, '2026-03-27 11:17:00.421674+00', '2026-03-27 11:17:00.421674+00', NULL, '2e2398c5-3edf-4adc-b404-52b1957cb4d2'),
	('00000000-0000-0000-0000-000000000000', 103, 'rwpdh6iivjsd', '70e1756f-ec5f-40bd-99cd-af5a6834071d', true, '2026-03-27 11:19:52.036495+00', '2026-03-27 12:18:09.630976+00', NULL, '7fba386e-80a0-451c-9493-b7df82b58e68'),
	('00000000-0000-0000-0000-000000000000', 105, 'la5daqjmhaxi', '70e1756f-ec5f-40bd-99cd-af5a6834071d', false, '2026-03-27 12:18:09.631385+00', '2026-03-27 12:18:09.631385+00', 'rwpdh6iivjsd', '7fba386e-80a0-451c-9493-b7df82b58e68'),
	('00000000-0000-0000-0000-000000000000', 104, 'sg3krifhs3y7', 'dbe2fc0d-95ec-4fa1-a8b6-1efa121cd037', true, '2026-03-27 11:26:20.867241+00', '2026-03-27 12:27:58.795486+00', NULL, '47736eb6-7962-4bd5-be91-451d2ba49f2c'),
	('00000000-0000-0000-0000-000000000000', 106, 'gd2j5rriogcn', 'dbe2fc0d-95ec-4fa1-a8b6-1efa121cd037', false, '2026-03-27 12:27:58.795947+00', '2026-03-27 12:27:58.795947+00', 'sg3krifhs3y7', '47736eb6-7962-4bd5-be91-451d2ba49f2c'),
	('00000000-0000-0000-0000-000000000000', 107, 'pxn6sypacl4k', '70e1756f-ec5f-40bd-99cd-af5a6834071d', false, '2026-03-27 13:01:44.324598+00', '2026-03-27 13:01:44.324598+00', NULL, '953268b7-5a9c-4baa-bb83-f636ca866a50');


--
-- Data for Name: sso_providers; Type: TABLE DATA; Schema: auth; Owner: supabase_auth_admin
--



--
-- Data for Name: saml_providers; Type: TABLE DATA; Schema: auth; Owner: supabase_auth_admin
--



--
-- Data for Name: saml_relay_states; Type: TABLE DATA; Schema: auth; Owner: supabase_auth_admin
--



--
-- Data for Name: sso_domains; Type: TABLE DATA; Schema: auth; Owner: supabase_auth_admin
--



--
-- Data for Name: webauthn_challenges; Type: TABLE DATA; Schema: auth; Owner: supabase_auth_admin
--



--
-- Data for Name: webauthn_credentials; Type: TABLE DATA; Schema: auth; Owner: supabase_auth_admin
--



--
-- Data for Name: backoffice_operations; Type: TABLE DATA; Schema: public; Owner: postgres
--



--
-- Data for Name: brickshare_pudo_locations; Type: TABLE DATA; Schema: public; Owner: postgres
--

INSERT INTO "public"."brickshare_pudo_locations" ("id", "name", "address", "city", "postal_code", "province", "latitude", "longitude", "contact_phone", "contact_email", "opening_hours", "is_active", "notes", "created_at", "updated_at") VALUES
	('BS-PUDO-001', 'Brickshare Madrid Centro', 'Calle Gran Vía 28', 'Madrid', '28013', 'Madrid', 40.42000000, -3.70380000, NULL, 'madrid.centro@brickshare.com', NULL, true, NULL, '2026-03-26 11:35:19.566399+00', '2026-03-26 11:35:19.566399+00'),
	('BS-PUDO-002', 'Brickshare Barcelona Eixample', 'Passeig de Gràcia 100', 'Barcelona', '08008', 'Barcelona', 41.39260000, 2.16400000, NULL, 'barcelona.eixample@brickshare.com', NULL, true, NULL, '2026-03-26 11:35:19.566399+00', '2026-03-26 11:35:19.566399+00'),
	('brickshare-001', 'Brickshare Madrid Centro', 'Calle Gran Vía 28', 'Madrid', '28013', 'Madrid', 40.42000000, -3.70380000, '', 'madrid.centro@brickshare.com', '{}', true, NULL, '2026-03-27 12:11:43.531413+00', '2026-03-27 12:11:43.531413+00');


--
-- Data for Name: donations; Type: TABLE DATA; Schema: public; Owner: postgres
--



--
-- Data for Name: sets; Type: TABLE DATA; Schema: public; Owner: postgres
--

INSERT INTO "public"."sets" ("id", "set_name", "set_description", "set_image_url", "set_theme", "set_age_range", "set_piece_count", "skill_boost", "created_at", "updated_at", "year_released", "catalogue_visibility", "set_ref", "set_weight", "set_minifigs", "set_status", "set_price", "current_value_new", "current_value_used", "set_pvp_release", "set_subtheme", "barcode_upc", "barcode_ean") VALUES
	('7685d88f-c683-491f-b779-8001e2278b14', 'Rescue Plane', 'Lego City set: Rescue Plane (2064).', 'https://images.brickset.com/sets/images/2064-1.jpg', 'City', '?+', 116, NULL, '2026-03-27 07:37:21.049811+00', '2026-03-27 07:37:21.049811+00', 2007, true, '2064', NULL, 2, 'active', 25, NULL, NULL, NULL, 'Medical', '673419098175', NULL),
	('0c105f74-3c11-4b7e-9e38-9b574b24b266', 'In-flight Helicopter and Raft', 'Lego City set: In-flight Helicopter and Raft (2230).', 'https://images.brickset.com/sets/images/2230-1.jpg', 'City', '?+', 115, NULL, '2026-03-27 07:37:21.061428+00', '2026-03-27 07:37:21.061428+00', 2008, true, '2230', NULL, 2, 'active', 25, NULL, NULL, NULL, 'Great Outdoors', '673419103015', NULL),
	('efdccf5d-2971-4b55-a894-1540e25a8d88', 'LEGO City Advent Calendar', 'Lego City set: LEGO City Advent Calendar (2824).', 'https://images.brickset.com/sets/images/2824-1.jpg', 'City', '5-12', 271, NULL, '2026-03-27 07:37:21.067227+00', '2026-03-27 07:37:21.067227+00', 2010, true, '2824', 430, 6, 'active', 50, NULL, NULL, 34.99, 'Seasonal', '673419130028', '5702014602434'),
	('1505a9e9-3f40-4ded-bcff-a8e762b78e0b', 'City In-Flight 2006', 'Lego City set: City In-Flight 2006 (2928).', 'https://images.brickset.com/sets/images/2928-1.jpg', 'City', '?+', 141, NULL, '2026-03-27 07:37:21.073669+00', '2026-03-27 07:37:21.073669+00', 2006, true, '2928', NULL, 2, 'active', 25, NULL, NULL, NULL, 'Airport', '673419084048', NULL),
	('f7bf9bbf-3816-4b62-9a87-cbf24bd8df1e', 'Small Car', 'Lego City set: Small Car (3177).', 'https://images.brickset.com/sets/images/3177-1.jpg', 'City', '5-12', 43, NULL, '2026-03-27 07:37:21.07942+00', '2026-03-27 07:37:21.07942+00', 2010, true, '3177', 60, 1, 'active', 25, NULL, NULL, 4.99, 'Traffic', '673419129473', '5702014601819'),
	('b723208e-df29-47c1-bfde-b190b16393a7', 'Seaplane', 'Lego City set: Seaplane (3178).', 'https://images.brickset.com/sets/images/3178-1.jpg', 'City', '5-12', 102, NULL, '2026-03-27 07:37:21.084335+00', '2026-03-27 07:37:21.084335+00', 2010, true, '3178', 180, 1, 'active', 25, NULL, NULL, 10.99, 'General', '673419129480', '5702014601826'),
	('13660806-9aa2-4681-8e8d-95024baec915', 'Repair Truck', 'Lego City set: Repair Truck (3179).', 'https://images.brickset.com/sets/images/3179-1.jpg', 'City', '5-12', 118, NULL, '2026-03-27 07:37:21.088331+00', '2026-03-27 07:37:21.088331+00', 2010, true, '3179', 210, 1, 'active', 25, NULL, NULL, 12.99, 'Traffic', '673419129497', '5702014601833'),
	('7bf78a87-d98d-4dc9-a5e2-e4b06bc4f645', 'Tank Truck', 'Lego City set: Tank Truck (3180).', 'https://images.brickset.com/sets/images/3180-1.jpg', 'City', '5-12', 222, NULL, '2026-03-27 07:37:21.093038+00', '2026-03-27 07:37:21.093038+00', 2010, true, '3180', 490, 1, 'active', 25, NULL, NULL, 19.99, 'Traffic', '673419129503', '5702014601840'),
	('94f1220d-8cb3-4d37-be90-30cc9538ae27', 'Passenger Plane', 'Lego City set: Passenger Plane (3181).', 'https://images.brickset.com/sets/images/3181-1.jpg', 'City', '5-12', 309, NULL, '2026-03-27 07:37:21.100076+00', '2026-03-27 07:37:21.100076+00', 2010, true, '3181', 760, 3, 'active', 50, NULL, NULL, 39.99, 'Airport', '673419078382', '5702014601857'),
	('37028d98-fa04-4138-ac56-9a9a4df86633', 'Mini TIE Fighter', 'Lego Star Wars set: Mini TIE Fighter (3219).', 'https://images.brickset.com/sets/images/3219-1.jpg', 'Star Wars', '?+', 12, NULL, '2026-03-27 07:37:21.315662+00', '2026-03-27 07:37:21.315662+00', 2003, true, '3219', NULL, 0, 'active', 25, NULL, NULL, NULL, 'Mini Building Set', '673419020190', '5702014282230'),
	('28dd4c28-955a-414d-9f60-601f25778731', 'Star Wars #1 - Emperor Palpatine, Darth Maul and Darth Vader', 'Lego Star Wars set: Star Wars #1 - Emperor Palpatine, Darth Maul and Darth Vader (3340).', 'https://images.brickset.com/sets/images/3340-1.jpg', 'Star Wars', '?+', 32, NULL, '2026-03-27 07:37:21.324058+00', '2026-03-27 07:37:21.324058+00', 2000, true, '3340', NULL, 3, 'active', 25, NULL, NULL, NULL, 'Minifig Pack', '042884033408', NULL),
	('34ce87ac-5cf0-4eef-9c97-f38ced37cd24', 'Star Wars #2 - Luke Skywalker, Han Solo and Boba Fett', 'Lego Star Wars set: Star Wars #2 - Luke Skywalker, Han Solo and Boba Fett (3341).', 'https://images.brickset.com/sets/images/3341-1.jpg', 'Star Wars', '?+', 22, NULL, '2026-03-27 07:37:21.329222+00', '2026-03-27 07:37:21.329222+00', 2000, true, '3341', NULL, 3, 'active', 25, NULL, NULL, NULL, 'Minifig Pack', '042884033415', NULL),
	('fc8a21c2-29d5-401b-8abf-e90edf7a3441', 'Star Wars #3 - Chewbacca and 2 Biker Scouts', 'Lego Star Wars set: Star Wars #3 - Chewbacca and 2 Biker Scouts (3342).', 'https://images.brickset.com/sets/images/3342-1.jpg', 'Star Wars', '?+', 22, NULL, '2026-03-27 07:37:21.333931+00', '2026-03-27 07:37:21.333931+00', 2000, true, '3342', NULL, 3, 'active', 25, NULL, NULL, NULL, 'Minifig Pack', '042884033422', NULL),
	('78f61303-d629-4c4d-9278-5b5168d17716', 'Star Wars #4 - Battle Droid Commander and 2 Battle Droids', 'Lego Star Wars set: Star Wars #4 - Battle Droid Commander and 2 Battle Droids (3343).', 'https://images.brickset.com/sets/images/3343-1.jpg', 'Star Wars', '?+', 30, NULL, '2026-03-27 07:37:21.338188+00', '2026-03-27 07:37:21.338188+00', 2000, true, '3343', NULL, 3, 'active', 25, NULL, NULL, NULL, 'Minifig Pack', '042884033439', NULL),
	('ce210a53-2cb3-490b-93ab-e22b5690c1b2', 'Jabba''s Message', 'Lego Star Wars set: Jabba''s Message (4475).', 'https://images.brickset.com/sets/images/4475-1.jpg', 'Star Wars', '?+', 44, NULL, '2026-03-27 07:37:21.34237+00', '2026-03-27 07:37:21.34237+00', 2003, true, '4475', NULL, 3, 'active', 25, NULL, NULL, NULL, 'Episode VI', '673419017169', '5702014259386'),
	('2e37bbdb-4548-40b6-8f81-434f750dc388', 'Jabba''s Prize', 'Lego Star Wars set: Jabba''s Prize (4476).', 'https://images.brickset.com/sets/images/4476-1.jpg', 'Star Wars', '?+', 40, NULL, '2026-03-27 07:37:21.346434+00', '2026-03-27 07:37:21.346434+00', 2003, true, '4476', NULL, 2, 'active', 25, NULL, NULL, NULL, 'Episode VI', NULL, '5702014259393'),
	('0054feec-4f3a-4944-b1ea-e16eeca79cb7', 'T-16 Skyhopper ', 'Lego Star Wars set: T-16 Skyhopper  (4477).', 'https://images.brickset.com/sets/images/4477-1.jpg', 'Star Wars', '?+', 98, NULL, '2026-03-27 07:37:21.350402+00', '2026-03-27 07:37:21.350402+00', 2003, true, '4477', NULL, 1, 'active', 25, NULL, NULL, NULL, 'Episode IV', NULL, '5702014259355'),
	('6b1892ed-fcba-408e-9584-7b89fb79733a', 'Geonosian Fighter', 'Lego Star Wars set: Geonosian Fighter (4478).', 'https://images.brickset.com/sets/images/4478-1.jpg', 'Star Wars', '?+', 170, NULL, '2026-03-27 07:37:21.35418+00', '2026-03-27 07:37:21.35418+00', 2003, true, '4478', NULL, 4, 'active', 25, NULL, NULL, NULL, 'Episode II', NULL, '5702014259409'),
	('7b98fa47-1802-4030-a0c9-899ca6567fbf', 'TIE Bomber', 'Lego Star Wars set: TIE Bomber (4479).', 'https://images.brickset.com/sets/images/4479-1.jpg', 'Star Wars', '?+', 230, NULL, '2026-03-27 07:37:21.358491+00', '2026-03-27 07:37:21.358491+00', 2003, true, '4479', NULL, 1, 'active', 25, NULL, NULL, NULL, 'Episode V', '673419017213', NULL),
	('0c313b55-94a9-40d0-b64b-97b7bc980395', 'Sears Tower', 'Lego Architecture set: Sears Tower (19710).', 'https://images.brickset.com/sets/images/19710-1.jpg', 'Architecture', '10+', 68, NULL, '2026-03-27 07:37:21.633662+00', '2026-03-27 07:37:21.633662+00', 2008, true, '19710', NULL, 0, 'active', 25, NULL, NULL, NULL, 'Brickstructures', NULL, NULL),
	('cac69a05-78b7-48b6-a789-321ff39a2615', 'John Hancock Centre', 'Lego Architecture set: John Hancock Centre (19720).', 'https://images.brickset.com/sets/images/19720-1.jpg', 'Architecture', '10+', 69, NULL, '2026-03-27 07:37:21.638807+00', '2026-03-27 07:37:21.638807+00', 2008, true, '19720', NULL, 0, 'active', 25, NULL, NULL, NULL, 'Brickstructures', NULL, NULL),
	('968006ba-a882-4efd-aa1e-698e64a774f6', 'Willis Tower', 'Lego Architecture set: Willis Tower (21000).', 'https://images.brickset.com/sets/images/21000-2.jpg', 'Architecture', '10+', 69, NULL, '2026-03-27 07:37:21.643375+00', '2026-03-27 07:37:21.648085+00', 2011, true, '21000', NULL, 0, 'active', 25, NULL, NULL, 19.99, 'Landmark Series', '673419113274', '5702014804265'),
	('faef6866-ab93-445c-b86a-ba70887c2a78', 'John Hancock Centre', 'Lego Architecture set: John Hancock Centre (21001).', 'https://images.brickset.com/sets/images/21001-1.jpg', 'Architecture', '10+', 69, NULL, '2026-03-27 07:37:21.653019+00', '2026-03-27 07:37:21.653019+00', 2008, true, '21001', NULL, 0, 'active', 25, NULL, NULL, 19.99, 'Landmark Series', '673419113281', NULL),
	('3c6eed5d-91a5-4175-bcde-064530342a80', 'Empire State Building', 'Lego Architecture set: Empire State Building (21002).', 'https://images.brickset.com/sets/images/21002-1.jpg', 'Architecture', '10+', 77, NULL, '2026-03-27 07:37:21.65799+00', '2026-03-27 07:37:21.65799+00', 2009, true, '21002', 190, 0, 'active', 25, NULL, NULL, 19.99, 'Landmark Series', '673419160100', '5702014712836'),
	('b0c4a1b7-e6e5-4f32-8c7a-0f9dbb65adeb', 'Seattle Space Needle', 'Lego Architecture set: Seattle Space Needle (21003).', 'https://images.brickset.com/sets/images/21003-1.jpg', 'Architecture', '10+', 57, NULL, '2026-03-27 07:37:21.662498+00', '2026-03-27 07:37:21.662498+00', 2009, true, '21003', NULL, 0, 'active', 25, NULL, NULL, 19.99, 'Landmark Series', '673419160117', '5702014712843'),
	('910b7de1-12c4-4b7d-8279-362837a92aec', 'Solomon Guggenheim Museum', 'Lego Architecture set: Solomon Guggenheim Museum (21004).', 'https://images.brickset.com/sets/images/21004-1.jpg', 'Architecture', '10+', 208, NULL, '2026-03-27 07:37:21.667679+00', '2026-03-27 07:37:21.667679+00', 2009, true, '21004', NULL, 0, 'active', 25, NULL, NULL, 39.99, 'Architect Series', '673419113489', '5702014712850'),
	('ace5c9aa-8e83-4ad6-af0e-10a84ed87ab3', 'Fallingwater', 'Lego Architecture set: Fallingwater (21005).', 'https://images.brickset.com/sets/images/21005-1.jpg', 'Architecture', '16+', 811, NULL, '2026-03-27 07:37:21.673032+00', '2026-03-27 07:37:21.673032+00', 2009, true, '21005', NULL, 0, 'active', 100, NULL, NULL, 89.99, 'Architect Series', '673419160131', '5702014712881'),
	('abd4350e-b204-434b-a43a-1d97f03853c7', 'The White House', 'Lego Architecture set: The White House (21006).', 'https://images.brickset.com/sets/images/21006-1.jpg', 'Architecture', '12+', 560, NULL, '2026-03-27 07:37:21.679966+00', '2026-03-27 07:37:21.679966+00', 2010, true, '21006', 700, 0, 'active', 75, NULL, NULL, 54.99, 'Landmark Series', '673419160148', '5702014804241');


--
-- Data for Name: inventory_sets; Type: TABLE DATA; Schema: public; Owner: postgres
--

INSERT INTO "public"."inventory_sets" ("id", "set_id", "set_ref", "inventory_set_total_qty", "in_shipping", "in_use", "in_return", "in_repair", "created_at", "updated_at", "spare_parts_order") VALUES
	('50b79f6b-b1ea-4e24-850f-0da7c817b24a', '7685d88f-c683-491f-b779-8001e2278b14', '2064', 5, 0, 0, 0, 0, '2026-03-27 07:37:21.049811+00', '2026-03-27 07:37:21.057521+00', NULL),
	('17ad8944-7dd3-4082-9355-124a77bc06ef', '0c105f74-3c11-4b7e-9e38-9b574b24b266', '2230', 5, 0, 0, 0, 0, '2026-03-27 07:37:21.061428+00', '2026-03-27 07:37:21.064423+00', NULL),
	('d8c7cde8-e482-4ffe-bde6-c4fb66bdbed1', 'efdccf5d-2971-4b55-a894-1540e25a8d88', '2824', 5, 0, 0, 0, 0, '2026-03-27 07:37:21.067227+00', '2026-03-27 07:37:21.070518+00', NULL),
	('246edfa4-d22f-4297-9ea6-cc5a9a152454', '1505a9e9-3f40-4ded-bcff-a8e762b78e0b', '2928', 5, 0, 0, 0, 0, '2026-03-27 07:37:21.073669+00', '2026-03-27 07:37:21.076839+00', NULL),
	('fe703402-bf24-4dde-b17f-1935e10ec52a', 'f7bf9bbf-3816-4b62-9a87-cbf24bd8df1e', '3177', 5, 0, 0, 0, 0, '2026-03-27 07:37:21.07942+00', '2026-03-27 07:37:21.082067+00', NULL),
	('90585539-d780-4fb5-9ead-081a5a846f56', 'b723208e-df29-47c1-bfde-b190b16393a7', '3178', 5, 0, 0, 0, 0, '2026-03-27 07:37:21.084335+00', '2026-03-27 07:37:21.086528+00', NULL),
	('8176aa16-606f-4ae1-b2b8-cd32a23bfbe5', '13660806-9aa2-4681-8e8d-95024baec915', '3179', 5, 0, 0, 0, 0, '2026-03-27 07:37:21.088331+00', '2026-03-27 07:37:21.090745+00', NULL),
	('4aed11c5-d887-430d-8e63-5aecba1690f1', '7bf78a87-d98d-4dc9-a5e2-e4b06bc4f645', '3180', 5, 0, 0, 0, 0, '2026-03-27 07:37:21.093038+00', '2026-03-27 07:37:21.096487+00', NULL),
	('d7b56867-2fa4-4537-adb4-a531d911c934', '94f1220d-8cb3-4d37-be90-30cc9538ae27', '3181', 5, 0, 0, 0, 0, '2026-03-27 07:37:21.100076+00', '2026-03-27 07:37:21.102983+00', NULL),
	('c97d5824-acb5-42d7-b1b3-fcdf251ea8b6', '37028d98-fa04-4138-ac56-9a9a4df86633', '3219', 5, 0, 0, 0, 0, '2026-03-27 07:37:21.315662+00', '2026-03-27 07:37:21.32175+00', NULL),
	('bb9dfa35-f8fb-4440-bb56-f5ba0151a8b2', '28dd4c28-955a-414d-9f60-601f25778731', '3340', 5, 0, 0, 0, 0, '2026-03-27 07:37:21.324058+00', '2026-03-27 07:37:21.326812+00', NULL),
	('26f1f2c7-0cb3-49c4-82f0-00a255b313db', '34ce87ac-5cf0-4eef-9c97-f38ced37cd24', '3341', 5, 0, 0, 0, 0, '2026-03-27 07:37:21.329222+00', '2026-03-27 07:37:21.33183+00', NULL),
	('8b5694a3-9608-4476-874c-23f23f8088fa', 'fc8a21c2-29d5-401b-8abf-e90edf7a3441', '3342', 5, 0, 0, 0, 0, '2026-03-27 07:37:21.333931+00', '2026-03-27 07:37:21.336181+00', NULL),
	('c926dbc9-48f0-441e-a8a2-7c07f81a2f48', '78f61303-d629-4c4d-9278-5b5168d17716', '3343', 5, 0, 0, 0, 0, '2026-03-27 07:37:21.338188+00', '2026-03-27 07:37:21.34057+00', NULL),
	('adae292a-a011-4609-afe3-71c38c64d650', 'ce210a53-2cb3-490b-93ab-e22b5690c1b2', '4475', 5, 0, 0, 0, 0, '2026-03-27 07:37:21.34237+00', '2026-03-27 07:37:21.34435+00', NULL),
	('2fe7d1f4-7421-405e-836c-58f9acf22d75', '2e37bbdb-4548-40b6-8f81-434f750dc388', '4476', 5, 0, 0, 0, 0, '2026-03-27 07:37:21.346434+00', '2026-03-27 07:37:21.348561+00', NULL),
	('b341f303-22d8-4788-8b21-a181db4e925c', '0054feec-4f3a-4944-b1ea-e16eeca79cb7', '4477', 5, 0, 0, 0, 0, '2026-03-27 07:37:21.350402+00', '2026-03-27 07:37:21.35239+00', NULL),
	('4737fc5c-7d6d-4d10-85b3-6232adb626cc', '6b1892ed-fcba-408e-9584-7b89fb79733a', '4478', 5, 0, 0, 0, 0, '2026-03-27 07:37:21.35418+00', '2026-03-27 07:37:21.356429+00', NULL),
	('4cbb9cdd-58ca-45dd-a47d-4df5bd4371fc', '7b98fa47-1802-4030-a0c9-899ca6567fbf', '4479', 5, 0, 0, 0, 0, '2026-03-27 07:37:21.358491+00', '2026-03-27 07:37:21.360376+00', NULL),
	('141794c3-fc9b-4e9d-8807-9f1db5e45691', '0c313b55-94a9-40d0-b64b-97b7bc980395', '19710', 5, 0, 0, 0, 0, '2026-03-27 07:37:21.633662+00', '2026-03-27 07:37:21.636637+00', NULL),
	('210c0750-163a-45b8-ba93-de21688bae9f', 'cac69a05-78b7-48b6-a789-321ff39a2615', '19720', 5, 0, 0, 0, 0, '2026-03-27 07:37:21.638807+00', '2026-03-27 07:37:21.641304+00', NULL),
	('4878d238-365a-4d97-b10a-6686eea8568e', '968006ba-a882-4efd-aa1e-698e64a774f6', '21000', 5, 0, 0, 0, 0, '2026-03-27 07:37:21.643375+00', '2026-03-27 07:37:21.650931+00', NULL),
	('88036ac9-355f-406f-aeec-d8f2ed2e1edb', 'faef6866-ab93-445c-b86a-ba70887c2a78', '21001', 5, 0, 0, 0, 0, '2026-03-27 07:37:21.653019+00', '2026-03-27 07:37:21.655612+00', NULL),
	('36011fbe-1ea8-42fa-a003-f74c5af7193f', '3c6eed5d-91a5-4175-bcde-064530342a80', '21002', 5, 0, 0, 0, 0, '2026-03-27 07:37:21.65799+00', '2026-03-27 07:37:21.660206+00', NULL),
	('522df7f4-b211-4a86-8255-15ab314cb2ff', 'b0c4a1b7-e6e5-4f32-8c7a-0f9dbb65adeb', '21003', 5, 0, 0, 0, 0, '2026-03-27 07:37:21.662498+00', '2026-03-27 07:37:21.665125+00', NULL),
	('d4bdc5ba-a376-45a0-9b11-2770b6d82c36', '910b7de1-12c4-4b7d-8279-362837a92aec', '21004', 5, 0, 0, 0, 0, '2026-03-27 07:37:21.667679+00', '2026-03-27 07:37:21.670485+00', NULL),
	('00b64281-fe2c-423c-a2a9-baeb1c4cd9a9', 'ace5c9aa-8e83-4ad6-af0e-10a84ed87ab3', '21005', 6, -1, 0, 0, 0, '2026-03-27 07:37:21.673032+00', '2026-03-27 13:16:48.858527+00', NULL),
	('1229ca7a-d7a6-44c5-8636-602d772583ac', 'abd4350e-b204-434b-a43a-1d97f03853c7', '21006', 3, 2, 0, 0, 0, '2026-03-27 07:37:21.679966+00', '2026-03-27 13:17:02.687996+00', NULL);


--
-- Data for Name: users; Type: TABLE DATA; Schema: public; Owner: postgres
--

INSERT INTO "public"."users" ("id", "user_id", "full_name", "avatar_url", "impact_points", "created_at", "updated_at", "email", "subscription_type", "subscription_status", "profile_completed", "user_status", "stripe_customer_id", "referral_code", "referred_by", "referral_credits", "address", "address_extra", "zip_code", "city", "province", "phone", "stripe_payment_method_id", "pudo_id", "pudo_type") VALUES
	('cb163efc-a683-4653-a121-aad60decc7a8', 'dbe2fc0d-95ec-4fa1-a8b6-1efa121cd037', 'Admin Brickshare', NULL, 1000, '2026-03-27 11:13:21.86844+00', '2026-03-27 11:13:21.86844+00', 'admin@brickshare.com', 'brick_master', 'active', true, 'no_set', 'cus_test_admin_dbe2fc0d', '80D6D8', NULL, 0, 'Josep Tarradellas 97-101', NULL, '08029', 'Barcelona', NULL, '+34600123456', 'pm_card_visa', 'brickshare-001', 'brickshare'),
	('aa4d5788-ceaf-47ce-a3ad-9953c9e94f8f', '0b3e2039-d416-4bd0-808f-02373260986f', 'User Two', NULL, 500, '2026-03-27 11:13:21.86844+00', '2026-03-27 11:13:21.86844+00', 'user2@brickshare.com', 'brick_master', 'active', true, 'no_set', 'cus_UCyIEEkZdixSTI', 'FDA00F', NULL, 0, 'Josep Tarradellas 97-101', NULL, '08029', 'Barcelona', NULL, '+34600123456', 'pm_card_visa', 'brickshare-001', 'brickshare'),
	('5d0925e4-0b71-4a41-9bcb-795e5173f083', 'c8fb2e1a-864f-4db3-96e5-341bb23b945c', 'user3', NULL, 500, '2026-03-27 11:13:21.86844+00', '2026-03-27 11:13:21.86844+00', 'user3@brickshare.com', 'brick_master', 'active', true, 'no_set', 'cus_TrZatopplfcVJp', '380E2E', NULL, 0, 'Josep Tarradellas 97-101', NULL, '08029', 'Barcelona', NULL, '+34600123456', 'pm_card_visa', 'brickshare-001', 'brickshare'),
	('b326d09b-0853-4052-b555-f2af0fed6a3b', '70e1756f-ec5f-40bd-99cd-af5a6834071d', 'Enrique Perez', NULL, 500, '2026-03-27 11:13:21.86844+00', '2026-03-27 13:17:02.687996+00', 'enriqueperezbcn1973@gmail.com', 'brick_master', 'active', true, 'set_shipping', 'cus_UCxWpVAhXeYpSQ', 'B2BF98', NULL, 0, 'Josep Tarradellas 97-101', NULL, '08029', 'Barcelona', NULL, '+34600123456', 'pm_card_visa', 'brickshare-001', 'brickshare');


--
-- Data for Name: shipments; Type: TABLE DATA; Schema: public; Owner: postgres
--

INSERT INTO "public"."shipments" ("id", "user_id", "assigned_date", "actual_delivery_date", "user_delivery_date", "warehouse_reception_date", "shipment_status", "shipping_address", "shipping_city", "shipping_zip_code", "shipping_country", "shipping_provider", "pickup_provider_address", "tracking_number", "carrier", "additional_notes", "created_at", "updated_at", "return_request_date", "pickup_provider", "set_ref", "set_id", "handling_processed", "correos_shipment_id", "label_url", "pickup_id", "swikly_wish_id", "swikly_wish_url", "swikly_status", "swikly_deposit_amount", "pickup_type", "brickshare_pudo_id", "delivery_qr_code", "delivery_qr_expires_at", "delivery_validated_at", "return_qr_code", "return_qr_expires_at", "return_validated_at", "brickshare_metadata", "brickshare_package_id", "pudo_type", "shipping_province") VALUES
	('eb3b28be-58d6-4731-a931-f438442f806a', '70e1756f-ec5f-40bd-99cd-af5a6834071d', '2026-03-27 13:17:02.687996+00', NULL, NULL, NULL, 'assigned', 'Josep Tarradellas 97-101', 'Barcelona', '08029', 'España', NULL, NULL, NULL, NULL, NULL, '2026-03-27 13:17:02.687996+00', '2026-03-27 13:17:02.687996+00', NULL, NULL, '21006', 'abd4350e-b204-434b-a43a-1d97f03853c7', false, NULL, NULL, NULL, NULL, NULL, 'pending', NULL, 'correos', NULL, NULL, NULL, NULL, NULL, NULL, NULL, '{}', NULL, 'brickshare', 'Pending');


--
-- Data for Name: qr_validation_logs; Type: TABLE DATA; Schema: public; Owner: postgres
--



--
-- Data for Name: reception_operations; Type: TABLE DATA; Schema: public; Owner: postgres
--



--
-- Data for Name: referrals; Type: TABLE DATA; Schema: public; Owner: postgres
--



--
-- Data for Name: reviews; Type: TABLE DATA; Schema: public; Owner: postgres
--



--
-- Data for Name: set_piece_list; Type: TABLE DATA; Schema: public; Owner: postgres
--



--
-- Data for Name: shipment_update_logs; Type: TABLE DATA; Schema: public; Owner: postgres
--



--
-- Data for Name: shipping_orders; Type: TABLE DATA; Schema: public; Owner: postgres
--



--
-- Data for Name: user_roles; Type: TABLE DATA; Schema: public; Owner: postgres
--

INSERT INTO "public"."user_roles" ("id", "user_id", "role", "created_at") VALUES
	('eef41b02-dc4b-483b-9209-197038f327d1', 'dbe2fc0d-95ec-4fa1-a8b6-1efa121cd037', 'admin', '2026-03-27 11:13:21.86844+00'),
	('3ae412b8-f8b8-40da-85e2-bec32ce2e02c', '70e1756f-ec5f-40bd-99cd-af5a6834071d', 'user', '2026-03-27 11:13:21.86844+00'),
	('6b66e4e5-d6a7-4fcf-a594-d7779c6a284a', '0b3e2039-d416-4bd0-808f-02373260986f', 'user', '2026-03-27 11:13:21.86844+00'),
	('82cb4999-9cfd-43c2-bb9a-7b84a79db685', 'c8fb2e1a-864f-4db3-96e5-341bb23b945c', 'user', '2026-03-27 11:13:21.86844+00');


--
-- Data for Name: users_brickshare_dropping; Type: TABLE DATA; Schema: public; Owner: postgres
--

INSERT INTO "public"."users_brickshare_dropping" ("user_id", "brickshare_pudo_id", "location_name", "address", "city", "postal_code", "province", "latitude", "longitude", "contact_email", "contact_phone", "opening_hours", "selection_date", "created_at", "updated_at") VALUES
	('b0803155-8a61-43aa-9325-95404ad32299', 'BS-PUDO-001', 'Brickshare Madrid Centro', 'Calle Gran Vía 28', 'Madrid', '28013', 'Madrid', 40.42000000, -3.70380000, 'madrid.centro@brickshare.com', NULL, NULL, '2026-03-27 07:37:14.16537+00', '2026-03-27 07:37:14.16537+00', '2026-03-27 07:37:14.16537+00'),
	('9eb34490-0c10-4f38-88e2-719af614a1d6', 'BS-PUDO-001', 'Brickshare Madrid Centro', 'Calle Gran Vía 28', 'Madrid', '28013', 'Madrid', 40.42000000, -3.70380000, 'madrid.centro@brickshare.com', NULL, NULL, '2026-03-27 07:37:14.244766+00', '2026-03-27 07:37:14.244766+00', '2026-03-27 07:37:14.244766+00'),
	('e27e3fa6-99ca-40e5-acd4-ef8909544d21', 'BS-PUDO-001', 'Brickshare Madrid Centro', 'Calle Gran Vía 28', 'Madrid', '28013', 'Madrid', 40.42000000, -3.70380000, 'madrid.centro@brickshare.com', NULL, NULL, '2026-03-27 07:37:14.313136+00', '2026-03-27 07:37:14.313136+00', '2026-03-27 07:37:14.313136+00'),
	('65a261db-df4d-4afd-babd-cd849c25b5c9', 'BS-PUDO-001', 'Brickshare Madrid Centro', 'Calle Gran Vía 28', 'Madrid', '28013', 'Madrid', 40.42000000, -3.70380000, 'madrid.centro@brickshare.com', NULL, NULL, '2026-03-27 07:37:14.38414+00', '2026-03-27 07:37:14.38414+00', '2026-03-27 07:37:14.38414+00'),
	('190861ef-fba5-4bd7-95b5-3d0e709b412e', 'BS-PUDO-001', 'Brickshare Madrid Centro', 'Calle Gran Vía 28', 'Madrid', '28013', 'Madrid', 40.42000000, -3.70380000, 'madrid.centro@brickshare.com', NULL, NULL, '2026-03-27 07:37:14.455782+00', '2026-03-27 07:37:14.455782+00', '2026-03-27 07:37:14.455782+00'),
	('70e1756f-ec5f-40bd-99cd-af5a6834071d', 'brickshare-001', 'Establecimiento de paco', 'avenida josep tarradellas 64', 'barcelona', '08029', 'barcelona', 41.39023270, 2.14350210, NULL, NULL, '{"description": "Horario comercial del establecimiento"}', '2026-03-27 11:23:56.557+00', '2026-03-27 11:23:56.560471+00', '2026-03-27 11:23:56.560471+00');


--
-- Data for Name: users_correos_dropping; Type: TABLE DATA; Schema: public; Owner: postgres
--



--
-- Data for Name: wishlist; Type: TABLE DATA; Schema: public; Owner: postgres
--

INSERT INTO "public"."wishlist" ("id", "user_id", "set_id", "created_at", "status", "status_changed_at") VALUES
	('0b818865-3877-40bb-9a82-cea92055d92b', '70e1756f-ec5f-40bd-99cd-af5a6834071d', 'ace5c9aa-8e83-4ad6-af0e-10a84ed87ab3', '2026-03-27 11:19:56.077478+00', true, '2026-03-27 11:19:56.065+00'),
	('0692752e-f45c-45b8-a6fc-42738027f87c', '70e1756f-ec5f-40bd-99cd-af5a6834071d', '910b7de1-12c4-4b7d-8279-362837a92aec', '2026-03-27 11:19:57.141758+00', true, '2026-03-27 11:19:57.129+00'),
	('3b227b7f-e26b-4fa2-b05f-3d156bc0550b', '70e1756f-ec5f-40bd-99cd-af5a6834071d', 'abd4350e-b204-434b-a43a-1d97f03853c7', '2026-03-27 11:19:55.027574+00', false, '2026-03-27 13:17:02.687996+00');


--
-- Data for Name: buckets; Type: TABLE DATA; Schema: storage; Owner: supabase_storage_admin
--



--
-- Data for Name: buckets_analytics; Type: TABLE DATA; Schema: storage; Owner: supabase_storage_admin
--



--
-- Data for Name: buckets_vectors; Type: TABLE DATA; Schema: storage; Owner: supabase_storage_admin
--



--
-- Data for Name: iceberg_namespaces; Type: TABLE DATA; Schema: storage; Owner: supabase_storage_admin
--



--
-- Data for Name: iceberg_tables; Type: TABLE DATA; Schema: storage; Owner: supabase_storage_admin
--



--
-- Data for Name: objects; Type: TABLE DATA; Schema: storage; Owner: supabase_storage_admin
--



--
-- Data for Name: s3_multipart_uploads; Type: TABLE DATA; Schema: storage; Owner: supabase_storage_admin
--



--
-- Data for Name: s3_multipart_uploads_parts; Type: TABLE DATA; Schema: storage; Owner: supabase_storage_admin
--



--
-- Data for Name: vector_indexes; Type: TABLE DATA; Schema: storage; Owner: supabase_storage_admin
--



--
-- Data for Name: hooks; Type: TABLE DATA; Schema: supabase_functions; Owner: supabase_functions_admin
--



--
-- Name: refresh_tokens_id_seq; Type: SEQUENCE SET; Schema: auth; Owner: supabase_auth_admin
--

SELECT pg_catalog.setval('"auth"."refresh_tokens_id_seq"', 139, true);


--
-- Name: hooks_id_seq; Type: SEQUENCE SET; Schema: supabase_functions; Owner: supabase_functions_admin
--

SELECT pg_catalog.setval('"supabase_functions"."hooks_id_seq"', 1, false);


--
-- PostgreSQL database dump complete
--

-- \unrestrict eBmYzivmfIrOZlerzMJi6bXf1NYiyxZqs6rVWuylt5IOLl31t4i8bB8qc4kUtW7

RESET ALL;
